[{"model": "mainapp.category", "pk": 1, "fields": {"created_at": "2023-10-12T20:57:30.711Z", "updated_at": "2023-10-14T20:30:45.209Z", "name": "Дизайн", "img_url": "img/cat_8.jpg"}}, {"model": "mainapp.category", "pk": 2, "fields": {"created_at": "2023-10-12T20:58:01.803Z", "updated_at": "2023-10-14T20:29:28.149Z", "name": "Психология", "img_url": "img/cat_7.jpg"}}, {"model": "mainapp.category", "pk": 3, "fields": {"created_at": "2023-10-12T20:58:09.577Z", "updated_at": "2023-10-14T20:28:01.142Z", "name": "Йога", "img_url": "img/cat_6.jpg"}}, {"model": "mainapp.category", "pk": 4, "fields": {"created_at": "2023-10-12T20:58:25.824Z", "updated_at": "2023-10-14T20:26:37.038Z", "name": "Программирование", "img_url": "img/cat_5.jpg"}}, {"model": "mainapp.category", "pk": 5, "fields": {"created_at": "2023-10-12T21:00:40.839Z", "updated_at": "2023-10-14T20:23:16.277Z", "name": "Маркетинг", "img_url": "img/cat_4.jpg"}}, {"model": "mainapp.category", "pk": 6, "fields": {"created_at": "2023-10-12T21:01:27.151Z", "updated_at": "2023-10-14T20:22:05.889Z", "name": "Архитектура", "img_url": "img/cat_3.jpg"}}, {"model": "mainapp.category", "pk": 7, "fields": {"created_at": "2023-10-12T21:02:49.512Z", "updated_at": "2023-10-14T20:22:01.492Z", "name": "Индустрия красоты", "img_url": "img/cat_2.jpg"}}, {"model": "mainapp.category", "pk": 8, "fields": {"created_at": "2023-10-12T21:03:39.613Z", "updated_at": "2023-10-14T20:21:54.199Z", "name": "Кулинария", "img_url": "img/cat_1.jpg"}}, {"model": "mainapp.course", "pk": 1, "fields": {"created_at": "2023-10-12T21:10:56.256Z", "updated_at": "2023-10-12T21:10:56.256Z", "name": "О чем мы молчим с моей матерью", "description": "Курс, чтобы каждая могла интегрировать весь прожитый опыт и позаботиться о себе сегодня. Поработать со стыдом и виной. Проговорить свою историю, посмотреть на травмы и дары детства и прижать к сердцу саму себя.", "author": 5, "img_url": "", "price": 100, "active": true, "slug": "psix_my_mam", "category": [2]}}, {"model": "mainapp.course", "pk": 2, "fields": {"created_at": "2023-10-12T21:12:18.603Z", "updated_at": "2023-10-12T21:12:18.603Z", "name": "Психолог с нуля", "description": "Курс, благодаря которому вы точно разберетесь в сложных психологических феноменах и изучите основы психологии, которые необходимы в жизни и для построения карьеры.", "author": 5, "img_url": "", "price": 100, "active": true, "slug": "psix_psix_zero", "category": [2]}}, {"model": "mainapp.course", "pk": 3, "fields": {"created_at": "2023-10-12T21:13:24.093Z", "updated_at": "2023-10-12T21:13:24.094Z", "name": "Осознанный родитель", "description": "Онлайн-курс для уже опытных родителей и тех, кто планирует освоить эту роль впервые! Каждый родитель сформирует собственную копилку инструментов, которые позволят получать удовольствие от родительства не доводя себя до эмоционального и физического истощения.", "author": 5, "img_url": "", "price": 100, "active": true, "slug": "psix_parents", "category": [2]}}, {"model": "mainapp.course", "pk": 4, "fields": {"created_at": "2023-10-12T21:15:21.728Z", "updated_at": "2023-10-12T21:15:21.728Z", "name": "Графический дизайнер", "description": "Вы освоите все базовые инструменты для создания графических элементов любой сложности и сможете самостоятельно разрабатывать визуальную айдентику бренда.", "author": 5, "img_url": "", "price": 150, "active": true, "slug": "diz_graf", "category": [1]}}, {"model": "mainapp.course", "pk": 5, "fields": {"created_at": "2023-10-12T21:16:09.722Z", "updated_at": "2023-10-12T21:16:09.722Z", "name": "Цифровой дизайнер", "description": "Научитесь создавать дизайн цифровых продуктов, продумывать айдентику, фирменный стиль и рекламные креативы, применять в работе инструменты разных графических редакторов.", "author": 5, "img_url": "", "price": 150, "active": true, "slug": "diz_did", "category": [1]}}, {"model": "mainapp.course", "pk": 6, "fields": {"created_at": "2023-10-12T21:16:54.181Z", "updated_at": "2023-10-12T21:16:54.181Z", "name": "Ландшафтный дизайнер", "description": "В соответствии с законами построения ландшафтных композиций и современной стилизацией садов, Вы научитесь проектированию территории, организации пространства, используя всевозможные элементы и материалы. Во время обучения большое внимание уделяется растениям, которые являются главным инструментом ландшафтного дизайнера. Вы познакомитесь с основным востребованным ассортиментом растений и их биологическими требованиями и особенностями.", "author": 6, "img_url": "", "price": 150, "active": true, "slug": "diz_land", "category": [1]}}, {"model": "mainapp.course", "pk": 7, "fields": {"created_at": "2023-10-12T21:17:31.234Z", "updated_at": "2023-10-12T21:17:31.234Z", "name": "Дизайн интерьера", "description": "Программа направлена на подготовку специалистов в области дизайна и декорирования интерьеров жилых и общественных помещений со знанием внутренних работ, строительных норм и правил, оборудования, декоративно-отделочных материалов и мебели.", "author": 6, "img_url": "", "price": 150, "active": true, "slug": "diz_home", "category": [1]}}, {"model": "mainapp.course", "pk": 8, "fields": {"created_at": "2023-10-12T21:24:39.753Z", "updated_at": "2023-10-12T21:24:39.753Z", "name": "Про позвоночник", "description": "Подборка видео, которые содержат упражнения для плечевого пояса и пояса верхних\r\nконечностей.\r\nЭти упражнения также помогут вам жить без боли в спине.\r\n- выполняйте перед сном, если боль вас мучает сразу после пробуждения;\r\n- выполняйте после сна, как утреннюю гимнастику;\r\n- выполняйте в перерывах между сидячей работой;\r\n- выполняйте 2-3 раза в день, если боль в обозначенных участках тела ваш вечный спутник)\r\nНЕ ОТКЛАДЫВАЙ)\r\nСДЕЛАЙ СЕГОДНЯ ВЕЧЕРОМ", "author": 6, "img_url": "", "price": 200, "active": true, "slug": "yoga_pozvon", "category": [3]}}, {"model": "mainapp.course", "pk": 9, "fields": {"created_at": "2023-10-12T21:25:31.317Z", "updated_at": "2023-10-12T21:25:31.317Z", "name": "Чакра Дхарана", "description": "Практика ведомой медитации на основе сканирования тела.", "author": 6, "img_url": "", "price": 200, "active": true, "slug": "yoga_chakra", "category": [3]}}, {"model": "mainapp.course", "pk": 10, "fields": {"created_at": "2023-10-12T21:26:30.346Z", "updated_at": "2023-10-12T21:26:30.346Z", "name": "Йога в большом городе", "description": "Заданный большим городом ритм заставил искать решения для себя и для тех, кто, живя в этом -\r\nнуждается в йоге.\r\nИ эти решения не заставили себя долго ждать.\r\nЯ вспомнила слова моего любимого гуру йоги Сергея Агапкина. Он говорил, что за 20 минут йоги\r\nзнающий тренер выжмет из вас все соки! И сие - есть чистая правда!\r\nТак и родилась идея 20-минутных тренировок, демо версию которых, состоящую из 5 занятий я\r\nпредоставляю вашему вниманию\r\n20 минут + Шавасана и\r\nты снова обретаешь себя и готов к вызовам большого города и большому успеху в нем!\r\nЧто мы делаем эти 20 минут?\r\nВыполняем последовательность асан под моим чутким руководством, где все асаны по\r\nотношению друг к другу анукрийи и пратикрийи (подготавливающие и компенсирующие). В\r\nначале тренировки - разогревающие, силовые асаны (стхира), к концу - охлаждающие, на\r\nрастяжку или восстанавливающие (сукха). В общем, за 20 минут йоги можно многое успеть. И как\r\nуже показала практика - такой формат многим придется по душе: коротко, лаконично,\r\nдейственно!", "author": 5, "img_url": "", "price": 200, "active": true, "slug": "yoga_big_city", "category": [3]}}, {"model": "mainapp.course", "pk": 11, "fields": {"created_at": "2023-10-12T21:29:09.858Z", "updated_at": "2023-10-12T21:29:09.858Z", "name": "Программирование на Python", "description": "В этом курсе по программированию на языке Python вы познакомитесь с базовыми понятиями программирования.\r\nЕдва ли возможно научиться программировать без практики, поэтому в качестве домашних заданий вам будет предложено довольно много задач, в которых вы сможете потренировать своё умение программировать.\r\nВаши решения будут проверяться автоматической системой, поэтому вы будете получать быструю обратную связь. В силу большого количества участников курса, преподаватели не смогут давать индивидуальных советов по каждой программе, но если у вас будут возникать проблемы, то их всегда можно обсудить с однокурсниками в комментариях к задачам.\r\nТакже в курсе присутствует несколько задач повышенной сложности, которые являются необязательными для прохождения курса, однако желающие смогут поломать голову над придумыванием алгоритмов и реализацией программ к этим задачам.", "author": 5, "img_url": "", "price": 250, "active": true, "slug": "prog_python", "category": [4]}}, {"model": "mainapp.course", "pk": 12, "fields": {"created_at": "2023-10-12T21:30:18.611Z", "updated_at": "2023-10-12T21:30:18.611Z", "name": "Основы SQL для программистов", "description": "Курс \"Основы SQL для программистов без поддержки\" подходит для программистов, разработчиков и всех людей, которые хотят освоить навыки работы с языком SQL. Он предназначен для тех, кто уже имеет некоторый опыт программирования и хочет изучить SQL для работы с базами данных. Курс поможет ученикам освоить основные концепции и команды языка SQL, а также научит применять их на практике для создания, изменения и извлечения данных из базы данных", "author": 5, "img_url": "", "price": 250, "active": true, "slug": "prog_sql", "category": [4]}}, {"model": "mainapp.course", "pk": 13, "fields": {"created_at": "2023-10-12T21:31:35.789Z", "updated_at": "2023-10-12T21:31:35.789Z", "name": "Тестировщик мобильных приложений: Android и iOS", "description": "Привет! Мы — группа тестировщиков  международного агентства аутсорс тестирования «Кавычки». Именно мы являемся авторами лучшего бесплатного курса 2022 года на платформе Stepik - “Вселенная тестирования, или Как стать тестировщиком”.\r\n\r\nМобильная индустрия продолжает развиваться. По данным GSMA Intelligence, за последний год количество пользователей увеличилось на 150 миллионов. Естественно, спрос на тестировщиков мобильных приложений растет.\r\n\r\nРешая загадки вместе с детективом Кавычкиным, вы получите опыт работы с необходимыми инструментами: BrowserStack, XCode, Android Studio и Charles Proxy.\r\n\r\nКурс создавали не профессиональные райтеры и методологи, а тестировщики. И если у вас будут предложения о том, как его улучшить или замечания — мы будем рады обратной связи.", "author": 5, "img_url": "", "price": 250, "active": true, "slug": "prog_android", "category": [4]}}, {"model": "mainapp.course", "pk": 14, "fields": {"created_at": "2023-10-12T21:35:30.324Z", "updated_at": "2023-10-12T21:35:30.324Z", "name": "Маркетинг. Политех", "description": "Базовый курс: вы получите представление о маркетинге как о рыночном подходе к управлению предприятием. Разберёте на практических примерах инструменты. А также изучите методы маркетинговых исследований потребителей, ценообразование, маркетинговые коммуникации и брендинг.", "author": 6, "img_url": "", "price": 100, "active": true, "slug": "market_main", "category": [5]}}, {"model": "mainapp.course", "pk": 15, "fields": {"created_at": "2023-10-12T21:36:21.446Z", "updated_at": "2023-10-12T21:36:21.446Z", "name": "Маркетинг — быстрый старт", "description": "Курс от Высшей школы маркетинга. Вы сможете ориентироваться в маркетинговых моделях и инструментах, анализе рынка, сегментации потребителей, позиционировании и продвижении компании.", "author": 5, "img_url": "", "price": 100, "active": true, "slug": "market_start", "category": [5]}}, {"model": "mainapp.course", "pk": 16, "fields": {"created_at": "2023-10-12T21:37:17.298Z", "updated_at": "2023-10-12T21:37:17.298Z", "name": "Маркетинг-менеджмент", "description": "Курс посвящен изучению направлений, в которых маркетинг пересекается со стратегическим менеджментом компании. Вы научитесь применять маркетинговые инструменты при анализе и выработке коммерческой политики.", "author": 5, "img_url": "", "price": 100, "active": true, "slug": "market_manage", "category": [5]}}, {"model": "mainapp.course", "pk": 17, "fields": {"created_at": "2023-10-12T21:37:56.819Z", "updated_at": "2023-10-12T21:37:56.819Z", "name": "Основы интернет-маркетинга", "description": "Курс для небольшого погружения в сферу маркетинга. Вы научитесь создавать группу в социальной сети, наполнять еёе контентом и привлекать первых потенциальных клиентов. Изучите стратегии успешных интернет-компаний, у которых можно перенять опыт и определите вектор развития собственного дела.", "author": 5, "img_url": "", "price": 100, "active": true, "slug": "market_inet", "category": [5]}}, {"model": "mainapp.course", "pk": 18, "fields": {"created_at": "2023-10-12T21:41:21.762Z", "updated_at": "2023-10-12T21:41:21.762Z", "name": "Проектирование механических инженерных систем", "description": "В начале курса мы рассмотрим некоторые теоретические аспекты технологии информационного моделирования зданий (BIM), узнаем, что это, какой софт используется для реализации технологии на практике, какие есть преимущества и недостатки у этой технологии (эта часть курса полностью повторяет информацию в нашем курсе \"Информационное моделирование зданий\", который ориентирован преимущественно на архитекторов)", "author": 6, "img_url": "", "price": 150, "active": true, "slug": "arhi_proj", "category": [6]}}, {"model": "mainapp.course", "pk": 19, "fields": {"created_at": "2023-10-12T21:44:12.232Z", "updated_at": "2023-10-12T21:44:12.232Z", "name": "Создание архитектуры", "description": "Этот курс предлагает IE Business School, всемирно известная бизнес-школа, которая с момента своего основания продвигала инновации и изменения в организациях, вооружая менеджеров предпринимательским мышлением, которое обеспечивает занятость, социальное благополучие и богатство.\r\n\r\nЭтот курс направлен на то, чтобы предложить вам идеальную подготовку, необходимую для получения степени в области архитектуры. Это независимо от того, являетесь ли вы новичком или продвинутым учеником.\r\n\r\nКурс начинается с изучения и изучения мышления архитектора, того, что он делает, о чем думает и как он использует творчество и вдохновение из окружающей среды для стимулирования дизайнерских идей.", "author": 6, "img_url": "", "price": 150, "active": true, "slug": "arhi_create", "category": [6]}}, {"model": "mainapp.course", "pk": 20, "fields": {"created_at": "2023-10-12T21:45:13.812Z", "updated_at": "2023-10-12T21:45:13.812Z", "name": "Устойчивое проектирование зданий", "description": "Этот курс предлагает Массачусетский технологический институт, частный исследовательский университет в Кембридже, штат Массачусетс, основанный в 1861 году и с тех пор играющий решающую роль в развитии современных технологий и науки, а также входящий в число лучших академических учреждений мира. .\r\n\r\nЭтот курс посвящен изучению ключевых научных принципов, технологий, а также методов анализа для проектирования комфортной внутренней среды при одновременном снижении энергопотребления и связанных с этим последствий изменения климата.", "author": 6, "img_url": "", "price": 150, "active": true, "slug": "arhi_bild", "category": [6]}}, {"model": "mainapp.course", "pk": 21, "fields": {"created_at": "2023-10-12T21:45:55.588Z", "updated_at": "2023-10-12T21:45:55.589Z", "name": "Глобальная история архитектуры", "description": "Кроме того, этот курс предлагает Массачусетский технологический институт, частный исследовательский университет в Кембридже, штат Массачусетс, основанный в 1861 году и с тех пор играющий решающую роль в развитии современных технологий и науки, а также входящий в число лучших в мире. академические институты.\r\n\r\nОн посвящен изучению богатой архитектурной истории человечества по всему миру с 100,000 1,600 г. до н.э. до ок. XNUMX г. н.э.", "author": 6, "img_url": "", "price": 150, "active": true, "slug": "arhi_histor", "category": [6]}}, {"model": "mainapp.course", "pk": 22, "fields": {"created_at": "2023-10-12T21:48:21.229Z", "updated_at": "2023-10-12T21:48:21.229Z", "name": "Онлайн-курс по наращиванию акриловых ногтей", "description": "Онлайн-курс по наращиванию акриловых ногтей научит вас процессу наращивания акриловых ногтей, процедуре наращивания, технике смешивания и процедурам ухода, а также даст дополнительные советы.\r\n\r\nОпытный наставник будет готов помочь вам по электронной почте, и вы сможете учиться, не выходя из дома. Этот курс - хороший вариант для тех, кто хочет изучить методы ухода за ногтями в личных интересах.\r\n\r\nВы можете приобрести дополнительный стартовый комплект, чтобы практиковаться с первыми клиентами и использовать его. Это поможет вам извлечь максимальную пользу из этого профессионального курса.", "author": 5, "img_url": "", "price": 200, "active": true, "slug": "cool_nog", "category": [7]}}, {"model": "mainapp.course", "pk": 23, "fields": {"created_at": "2023-10-12T21:49:00.871Z", "updated_at": "2023-10-12T21:49:00.871Z", "name": "Онлайн-курс по анатомическим и физиологическим знаниям систем тела", "description": "Онлайн-анатомические и физиологические знания систем тела идеально подходят для профессионалов, ищущих знания в области косметической терапии, будь то терапевт или обучающий других косметологам.\r\n\r\nСертификат по анатомии и физиологии требуется для прохождения многих продвинутых курсов, в том числе по эстетике, для завершения этого курса.\r\n\r\nЭтот курс идеально подходит для людей, которые, возможно, прошли практические курсы обучения, которые охватывают терапевтические навыки в косметической терапии, являются новичками в отрасли и хотят пройти обучение передовым методам лечения, таким как эстетика, или уже работают в салонах красоты, но хотят дальше развивать свои специализированные знания в этих теоретических областях, например, косметологи или учителя.", "author": 5, "img_url": "", "price": 200, "active": true, "slug": "cool_body", "category": [7]}}, {"model": "mainapp.course", "pk": 24, "fields": {"created_at": "2023-10-12T21:49:35.988Z", "updated_at": "2023-10-12T21:49:35.988Z", "name": "Онлайн-курс массажа тела", "description": "Этот онлайн-курс боди-массажа научит шведским техникам массажа, одному из самых популярных видов боди-массажа в индустрии. Вы узнаете о различных движениях массажа тела, о том, как их соединить для выполнения расслабляющего и терапевтического массажа всего тела, а также о процедурах безопасности, связанных с этими процедурами, в соответствии с отраслевыми стандартами.", "author": 5, "img_url": "", "price": 200, "active": true, "slug": "cool_mass", "category": [7]}}, {"model": "mainapp.course", "pk": 25, "fields": {"created_at": "2023-10-12T21:50:10.806Z", "updated_at": "2023-10-12T21:50:10.806Z", "name": "Онлайн-курс по прическе для невест и особых случаев", "description": "Этот курс для свадебных причесок и особых случаев специально разработан для существующих терапевтов, которые хотят предложить своим клиентам больше услуг или просто хотят изучить основы парикмахерского искусства в своих личных интересах.\r\n\r\nВы узнаете, как создавать основные методы укладки, как работать с выпрямителями для создания распущенных, плотных локонов и как безопасно использовать оборудование для укладки волос, такое как выпрямители. \r\n\r\nВы будете руководствоваться исчерпывающими учебными материалами и видеоуроками курса. Вас также научат методам создания различных свадебных причесок для особых случаев, теоретическим знаниям и процедурам безопасности, связанным с этими процедурами в соответствии с отраслевыми стандартами.", "author": 5, "img_url": "", "price": 200, "active": true, "slug": "cool_new", "category": [7]}}, {"model": "mainapp.course", "pk": 26, "fields": {"created_at": "2023-10-12T21:52:09.210Z", "updated_at": "2023-10-12T21:52:09.210Z", "name": "Средиземноморская кухня", "description": "У Средиземноморской кухни — миллионы поклонников во всем мире, и тематические мастер-классы в Кулинарной студии Юлии Высоцкой тоже пользуются особым спросом, поэтому мы посвятили блюдам Средиземноморской кухни отдельный курс.\r\n\r\nКурс рассчитан на любой уровень подготовки. Мы предлагаем вам подробные видеоуроки с обучением базовым кулинарным техникам, владея которыми, даже новичок со временем может готовить как настоящий шеф-повар.", "author": 6, "img_url": "", "price": 100, "active": true, "slug": "cook_arab", "category": [8]}}, {"model": "mainapp.course", "pk": 27, "fields": {"created_at": "2023-10-12T21:53:28.182Z", "updated_at": "2023-10-12T21:53:28.182Z", "name": "Домашняя выпечка", "description": "Если вы всегда думали, что «выпечка — это не для меня», избегали рецептов с приготовлением теста, а попытки приводили к неудовлетворительному результату – этот курс для вас. Вы перестанете бояться работать с тестом и узнаете, как печь с удовольствием!\r\n\r\nВсего за три дня вы освоите самые популярные виды сдобной выпечки и песочного теста. Пирожки с различными начинками, сдобные булочки, а также ароматные синнабоны – все то, что мы так любим, и перед чем так сложно устоять в кондитерской или пекарне.", "author": 6, "img_url": "", "price": 100, "active": true, "slug": "cook_home", "category": [8]}}, {"model": "mainapp.course", "pk": 28, "fields": {"created_at": "2023-10-12T21:55:03.134Z", "updated_at": "2023-10-12T21:55:03.134Z", "name": "Базовый поварской курс", "description": "Это великолепный шанс обучиться поварскому делу в удобное для себя время. В рамках курса вы познакомитесь с принципами высокой кухни и методиками, лежащими в основе приготовления блюд.\r\n\r\nНовые знания станут достаточной базой для освоения профессий ресторатора, шефа, фуд-блогера и качественной революции на собственной кухне.", "author": 6, "img_url": "", "price": 100, "active": true, "slug": "cook_cook", "category": [8]}}, {"model": "mainapp.post", "pk": 1, "fields": {"created_at": "2023-10-14T20:41:22.458Z", "updated_at": "2023-10-14T20:41:22.458Z", "title": "Продажи компьютеров продолжили падение", "text": "В третьем квартале продажи ПК во всем мире сократились на 9%, продолжив длящееся уже два года падение. Тем не менее аналитики Gartner ожидают восстановление роста уже в следующем квартале: к концу года как компании, так и отдельные потребители начнут активнее покупать компьютеры", "body": "<p>В третьем квартале продажи ПК во всем мире сократились на 9%, продолжив длящееся уже два года падение. Тем не менее аналитики Gartner ожидают восстановление роста уже в следующем квартале: к концу года как компании, так и отдельные потребители начнут активнее покупать компьютеры.</p>\r\n\r\n<p>Развернуть на весь экран</p>\r\n\r\n<p><img alt=\"\" src=\"https://iv.kommersant.ru/Issues.photo/CORP/2023/10/10/KMO_096855_33803_1_t222_144718.jpg\" /></p>\r\n\r\n<p>Фото: Sakchai Lalit / AP</p>\r\n\r\n<p>Фото: Sakchai Lalit / AP</p>\r\n\r\n<p>Вчера, 9 октября, исследовательская компания Gartner представила&nbsp;<a href=\"https://www.gartner.com/en/newsroom/press-releases/2023-10-09-gartner-says-worldwide-pc-shipments-declined-9-percent-in-third-quarter-of-2023\" rel=\"nofollow\">отчет</a>, посвященный продажам персональных компьютеров в третьем квартале. Их продажи снизились на 9%, до 64,3&nbsp;млн. Это уже восьмой подряд квартал, когда продажи ПК снижаются. Правда, темпы замедляются &mdash;годом ранее продажи&nbsp;<a href=\"https://www.kommersant.ru/doc/5607345\">показали</a>&nbsp;самое сильное за 20 лет падение на 19,5%, а во втором квартале текущего года &mdash; на 16,6%.</p>\r\n\r\n<p>Более того, эксперты Gartner считают, что уже в четвертом квартале возобновится рост.</p>\r\n\r\n<p>&laquo;Есть признаки, что снижение на рынке ПК достигло нижней точки. Сезонный спрос на образовательном рынке повысил поставки в третьем квартале, хотя корпоративный спрос на ПК оставался слабым, что нивелировало этот рост&raquo;,&mdash; отметил главный аналитик Gartner Микако Китагава.</p>\r\n\r\n<p>По его словам, компании также достигли значительного прогресса в снижении запасов ПК на складах &mdash; если предпраздничные продажи окажутся хорошими, они должны вернуться к обычным значениям уже к концу года.</p>\r\n\r\n<p>Продажи ПК начали снижаться в конце 2021 года после резкого роста спроса с началом пандемии COVID-19, когда многие компании переходили на удаленную работу, распространялось дистанционное обучение и т.&nbsp;д. Ситуацию усугубило и увеличение запасов ПК в условиях сбоев в цепочках поставок. В итоге продажи ПК падали в течение последних двух лет.</p>\r\n\r\n<h2><a href=\"https://www.kommersant.ru/doc/6185644?from=doc_vrez\">Официальные продажи ПО от Microsoft быстро падают</a></h2>\r\n\r\n<p>По словам господина Китагавы, теперь рынок ПК для бизнеса готов к замене компьютеров, чему способствуют обновления ОС Windows 11. Спрос на потребительские ПК, по его мнению, также начнет восстанавливаться, так как первые потребители, купившие компьютеры во время пандемии, начнут их заменять. Gartner ожидает, что в 2024 году продажи вырастут на 4,9%, причем как в корпоративном, так и в потребительском сегменте.</p>\r\n\r\n<p>Лидером на рынке ПК в третьем квартале оставалась китайская компания Lenovo, доля которой превысила четверть (25,1%), увеличившись с 23,9% годом ранее. За ней следуют HP (21%), Dell (16,1%), Apple (9,7%) и ASUS (7,6%). Продажи ПК большинства брендов снизились в этот период, исключение составила только HP, нарастившая их на 6,4%.</p>\r\n\r\n<p>Сильнее всего упали продажи Apple &mdash; на 24,2%.</p>\r\n\r\n<p>Продажи Dell снизились на 14,2%, ASUS &mdash; на 11,5%, Lenovo &mdash; на 4,4%.</p>\r\n\r\n<p>По регионам сильнее всего сократились продажи в Азиатском-Тихоокеанском регионе &mdash; на 13%. Этому способствовало прежде всего снижение на 20% в Китае. Продажи в США сократились на 9,3%, в регионе Европа, Ближний Восток и Африка &mdash; на 3,6%.</p>", "author": 5, "slug": "news_01"}}, {"model": "mainapp.post", "pk": 2, "fields": {"created_at": "2023-10-14T20:44:11.329Z", "updated_at": "2023-10-14T20:44:11.329Z", "title": "Samsung уйдёт в небытие на российском рынке телевизоров — китайские бренды уже захватили лидерство", "text": "Крупные IT-компании, оказывающие услуги виртуального размещения данных и сайтов (хостинг-провайдеры), подготовили замечания к приказу Минцифры, который ужесточает их ответственность за действия хакеров. Провайдеры считают, что вступление приказа в силу уже в декабре не даст возможности реализовать все необходимые меры, а также повлечет дополнительные расходы. Но в Минцифры не видят причин переносить сроки", "body": "<p>На российском рынке телевизоров произошла смена лидеров &mdash; вместо доминировавшей в течение девяти последних лет южнокорейской Samsung на первое место по продажам в этом году вышла китайская компания Haier, сообщил&nbsp;<a href=\"https://www.kommersant.ru/doc/6279906\" rel=\"nofollow\" target=\"_blank\">&laquo;Коммерсант&raquo;</a>. В тройке лидеров по продажам теперь только китайские бренды. По мнению экспертов, покинувшие Россию компании рискуют полностью потерять российский рынок.</p>\r\n\r\n<p><img alt=\" Источник изображений: haieronline.ru \" src=\"https://3dnews.ru/assets/external/illustrations/2023/10/14/1094479/3.jpg\" style=\"height:450px; width:800px\" /></p>\r\n\r\n<p>Источник изображений: haieronline.ru</p>\r\n\r\n<p>Согласно данным холдинга Fplus, даже не входивший в 2022 году в тройку лидеров бренд Haier по итогам девяти месяцев 2023 года занял 11,5 % российского рынка телевизоров в штуках (665 тыс.) и 15,3 % в деньгах (22,1 млрд руб.), тогда как годом ранее доля составляла 7,4 %. В тройку лидеров по продажам в количественном выражении также вошли китайские Xiaomi (8,3 % рынка) и Hisense (6,6 %). У Samsung осталось всего 5,1 % рынка, тогда как годом ранее было 25,3 %. Доля телевизоров собственных торговых марок российских компаний выросла за год в штуках с 17,5 до 22,3 %.</p>\r\n\r\n<p>Всего за девять месяцев в России было продано 5,7 млн телевизоров, это на 35 % больше прошлогоднего показателя, по данным Fplus. В &laquo;М.Видео-Эльдорадо&raquo; сообщили о росте продаж телевизоров в России на 40 % до 5,8 млн штук и в денежном выражении до 145 млрд руб. Лидером по продажам здесь также называют бренд Haier, занимавший годом ранее третье место.</p>\r\n\r\n<p>&nbsp;</p>\r\n\r\n<p>В 2022 году после начала событий на Украине ряд иностранных брендов, включая Samsung, LG и Sony, прекратил поставки продукции в Россию, после чего доля бывших лидеров стала падать, а собственные торговые марки ретейлеров заняли 20 % российского рынка. Чтобы сохранить присутствие на рынке LG начала адаптировать софт под рынок РФ на заводе в Польше, после чего поставлять устройства в Россию через Беларусь.</p>\r\n\r\n<p>По словам коммерческого директора Holodilnik.ru Алексея Погудалова, главным конкурентом Haier на российском рынке телевизоров будет оставаться Hisense, занимающий 10 % рынка в деньгах, а также TCL (5 %). Есть перспективы у Xiaomi, Philips и Toshiba.<em>&nbsp;&laquo;Если Samsung не изменит свою политику в отношении РФ, то вскоре он может уйти в небытие, как это произошло с Panasonic&raquo;,</em>&nbsp;&mdash; заявил эксперт.</p>", "author": 6, "slug": "news_02"}}, {"model": "mainapp.post", "pk": 3, "fields": {"created_at": "2023-10-14T20:45:36.088Z", "updated_at": "2023-10-14T21:44:18.774Z", "title": "Эксперты обнаружили муху под видеочипом Nvidia GeForce RTX 4090 Founders Edition из-за которой видеокарта не работала", "text": "Эксперты из TechTuber NorthWestRepair во время проведения ремонтных работ обнаружили баг (насекомое) между графическим процессором и контактными площадками печатной платы Nvidia GeForce RTX 4090 Founders Edition. Из-за этого необычного элемента внутри видеокарта не работала.", "body": "<p><img src=\"https://habrastorage.org/r/w1560/webt/pf/6m/3v/pf6m3vucnkkcpdtb6_h4ewrhntm.jpeg\" style=\"width:830px\" /></p>\r\n\r\n<p>Эксперты из TechTuber NorthWestRepair во время проведения ремонтных работ&nbsp;<a href=\"https://www.tomshardware.com/news/bug-impedes-rtx-4090-founders-edition-gpu-from-working\" rel=\"noopener noreferrer nofollow\">обнаружили</a>&nbsp;баг (насекомое) между графическим процессором и контактными площадками печатной платы Nvidia GeForce RTX 4090 Founders Edition. Из-за этого необычного элемента внутри видеокарта не работала.</p>\r\n\r\n<p>Клиент, заключивший контракт с NorthWestRepair на ремонт видеокарты, объяснил, что у него есть &laquo;совершенно новая&raquo; Nvidia GeForce RTX 4090 Founders Edition, которую он купил на распродаже без какой-либо гарантии. Наверное, это была выгодная сделка. Неудивительно, что дешёвая видеокарта не работала. Однако устройство подавало некоторые признаки жизни. При включении системы вентиляторы графического адаптера раскручивались до максимальной скорости, но изображение не выводилось ни на один монитор.</p>\r\n\r\n<p>Эксперты NorthWestRepair начали расследование инцидента с самых основ. Они аккуратно разобрали карту, полностью обнажив печатную плату для детального осмотра. Специалист по ремонту выполнил все обычные действия, которые выполняются на этой стадии изучения нерабочей электроники, включая тестирование адаптера на наличие коротких замыканий по питанию, фиксацию требуемого уровня напряжения на основных потребителях, проверку под микроскопом наличия неисправностей и трещин на печатной плате, а также прозвонку силовых цепей и соединений, включая проверку кварцевого генератора и соединений к микросхемам BIOS.</p>\r\n\r\n<p>После всех проверок инженер предположил, что наиболее вероятным кандидатом на неисправность является именно графический процессор. В NorthWestRepair решили снять чип AD102 для его проверки и изучения. С помощью инструмента для распайки BGA эксперт отсоединил графический процессор и обнаружил под ним мёртвое насекомое. Его присутствие, должно быть, повлияло на некоторые контакты BGA и вызвало ошибку отсутствия изображения.</p>\r\n\r\n<p><img src=\"https://habrastorage.org/r/w1560/webt/6m/oo/ks/6mooks907kmjcsf1bc5eni1tuwe.jpeg\" style=\"width:830px\"/></p>\r\n\r\n<p>После очистки контактов чипа и переустановки микросхемы на видеокарту тестирование видеоадаптера показало, что некогда мёртвая RTX 4090 теперь полна жизни. Адаптер заработал, запустился и показал хорошие результаты в 3DMark. В NorthWestRepair пояснили, что карта фактически новая после удаления бага, готова к передаче клиенту, а играть на ней теперь можно без ранее выявленных ошибок.</p>\r\n\r\n<p>Профильный эксперт пояснил, что это очень необычно, чтобы что-то вроде летающего жука проникло в чистое помещение для сборки электроники, особенно видеокарты уровня Nvidia FE. Так что факт попадания насекомого под чип видеокарты&nbsp;<a href=\"https://twitter.com/ghost_motley/status/1713138963248984355\" rel=\"noopener noreferrer nofollow\">считается</a>&nbsp;редким поворотом событий в отрасли микроэлектроники. А удаление насекомого и возврат к работе адаптера показал, что проблема была именно в физическом баге.</p>", "author": 5, "slug": "news_03"}}, {"model": "mainapp.post", "pk": 4, "fields": {"created_at": "2023-10-14T20:47:02.054Z", "updated_at": "2023-10-14T21:44:41.548Z", "title": "Apple опубликовала инструкцию с пояснением, как правильно проверить б/у iPhone при его покупке с рук", "text": "Компания Apple опубликовала подробную инструкцию для всех пользователей с пояснением, как необходимо правильно проверить б/у iPhone при его покупке с рук.", "body": "<p><img src=\"https://habrastorage.org/r/w1560/webt/gf/vh/ho/gfvhhopavlshjgfwwebtx1eehdq.jpeg\" style=\"width:830px\" /></p>\r\n\r\n<p>Компания Apple&nbsp;<a href=\"https://support.apple.com/en-us/HT213680\" rel=\"noopener noreferrer nofollow\">опубликовала</a>&nbsp;подробную инструкцию для всех пользователей с пояснением, как необходимо правильно проверить б/у iPhone при его покупке с рук.</p>\r\n\r\n<p><img src=\"https://habrastorage.org/r/w1560/webt/dl/sk/ce/dlskceulf85fxnt_liag8tk3ixu.png\" style=\"width:830px\"/></p>\r\n\r\n<p>Apple заявила, что iPhone &laquo;служит дольше, чем другие смартфоны&raquo;, что делает подержанный iPhone &laquo;отличным способом владеть iPhone&raquo;.</p>\r\n\r\n<p>Apple в 15 пунктах объяснила как проверять iPhone. Компания посоветовала провести проверку экрана, Wi-Fi, аккумулятора, кнопок, камеры, динамиков, микрофона, объяснила, как проверить наличие неоригинальных деталей и выяснить, что нет блокировки со стороны оператора связи.</p>\r\n\r\n<p>Apple настоятельно советует покупать б/у iPhone только у надёжных продавцов, у которых есть возможность возврата устройства. По большей части производитель советует проверить смартфон на какие-либо физические повреждения, выяснить состояние аккумулятора, а также детали прошлого устройства, включая историю обслуживания по возможности. В компании уточнили, что главным фактором является осмотр iPhone. Если он не в рабочем состоянии, то его нужно сразу вернуть.</p>\r\n\r\n<p>Также Apple подняла вопрос проблем с активацией использованных устройств. Компания настоятельно советует проверят этот момент перед покупкой и не оплачивать заблокированные устройства.</p>\r\n\r\n<p>По&nbsp;<a href=\"https://www.iphones.ru/iNotes/apple-vypustila-instrukciyu-po-proverke-iphone-pered-pokupkoy-s-ruk-10-12-2023\" rel=\"noopener noreferrer nofollow\">данным</a>&nbsp;портала&nbsp;<a href=\"http://iphones.ru/\" rel=\"noopener noreferrer nofollow\">iPhones.ru</a>, в своей инструкции Apple даёт очевидные советы, но&nbsp;<a href=\"https://www.iphones.ru/iNotes/kak-pravilno-vybrat-bu-iphone-chtoby-ne-popast-na-dengi-01-15-2020\" rel=\"noopener noreferrer nofollow\">не учитывает</a>&nbsp;многие другие моменты, которые важны при покупке смартфона с рук. Например, какие именно номера и данные нужно сверять на коробке устройства и самом iPhone, как проверить датчик попадания воды и как узнать точное количество циклов перезарядки батареи смартфона.</p>", "author": 5, "slug": "news_04"}}, {"model": "mainapp.post", "pk": 5, "fields": {"created_at": "2023-10-14T20:47:59.071Z", "updated_at": "2023-10-14T21:45:42.022Z", "title": "Microsoft выпустила подробную инструкцию как скачать и установить Linux на ПК", "text": "Компания Microsoft выпустила подробную инструкцию для всех пользователей как скачать и установить Linux на ПК (How to download and install Linux) в рамках развития своего информационного портала под названием «Ресурсы Linux в Microsoft» и для продолжения активной работы с сообществом разработчиков Open Source", "body": "<p><img src=\"https://habrastorage.org/r/w1560/webt/cx/jp/vf/cxjpvf_ho3vdxfhj7dgncm4t-fi.jpeg\" style=\"width:830px\"/></p>\r\n\r\n<p>Компания Microsoft&nbsp;<a href=\"https://learn.microsoft.com/en-us/linux/install\" rel=\"noopener noreferrer nofollow\">выпустила</a>&nbsp;подробную инструкцию для всех пользователей как скачать и установить Linux на ПК (How to download and install Linux) в рамках развития своего информационного портала под названием &laquo;<a href=\"https://learn.microsoft.com/en-us/linux/\" rel=\"noopener noreferrer nofollow\">Ресурсы Linux в Microsoft</a>&raquo; и для продолжения активной работы с сообществом разработчиков Open Source.</p>\r\n\r\n<p>&laquo;Linux &mdash; это операционная система, похожая на Windows, но имеющая множество различных версий, поскольку она имеет открытый исходный код и полностью настраивается. Чтобы установить Linux, вам необходимо выбрать метод установки и дистрибутив Linux&raquo;, &mdash; пояснила Microsoft.</p>\r\n\r\n<p>Согласно пошаговой инструкции от Microsoft, Linux можно установить в четыре этапа, каждый из которых включает в себя несколько пунктов действий, в зависимости от вариантов использования этой ОС.</p>\r\n\r\n<p>На первом этапе нужно выбрать способ установки. Microsoft пояснила, что в пользователи могут выбирать между использованием подсистемы WSL, Bare metal, виртуальной машиной, локальной установкой на ПК или установку образа ОС в облаке.</p>\r\n\r\n<p>На втором этапе Microsoft поясняет принципы выбора подходящего дистрибутива Linux (Ubuntu, Debian, Kali Linux, OpenSUSE и так далее), рекомендуя принимать во внимание предыдущий опыт пользователя, производительность компьютера, обширность экосистемы того или иного дистрибутива и наличие подробной документации. Microsoft советует посетить сайт&nbsp;<a href=\"http://linux.org/\" rel=\"noopener noreferrer nofollow\">Linux.org</a>&nbsp;для принятия решения по выбору дистрибутива Linux.</p>\r\n\r\n<p><img src=\"https://habrastorage.org/r/w1560/webt/hw/zk/fa/hwzkfal_vgawznx_e8kzbwensgi.png\" /></p>\r\n\r\n<p>На третьем этапе установки Linux Microsoft пояснила как создавать установочный USB-накопитель (на примере с Ubuntu Desktop) с описанием программных инструментов для этого, а также процессы установки в облачных средах и на виртуальной машине.</p>\r\n\r\n<p>На четвёртом этапе Microsoft рекомендует обновить ОС, предлагает советы по работе с менеджерами пакетов и дополнительным программным обеспечением для Linux.</p>\r\n\r\n<p>В сентябре 2023 года Microsoft&nbsp;<a href=\"https://habr.com/ru/news/762748/\" rel=\"noopener noreferrer nofollow\">выпустила</a>&nbsp;подсистему Windows для Linux (<a href=\"https://habr.com/ru/news/516054/\" rel=\"noopener noreferrer nofollow\">WSL</a>) 2.0.0 с набором новых экспериментальных функций. Она включает &laquo;зеркальный&raquo; сетевой режим, а также автоматическую очистку памяти и дисков.</p>\r\n\r\n<p>В сентябре 2022 года Microsoft и Canonical&nbsp;<a href=\"https://habr.com/ru/news/689780/\" rel=\"noopener noreferrer nofollow\">объединились</a>, чтобы добавить поддержку systemd в подсистему Windows для Linux, что позволяет устанавливать большее количество совместимых приложений.</p>\r\n\r\n<h4>Другие проекты с Windows и Linux</h4>\r\n\r\n<p>Инструмент&nbsp;<a href=\"https://github.com/NSG650/BugCheck2Linux\" rel=\"noopener noreferrer nofollow\">BugCheck2Linux</a>&nbsp;позволяет&nbsp;<a href=\"https://habr.com/ru/news/736200/\" rel=\"noopener noreferrer nofollow\">продолжить</a>&nbsp;работу на ПК в консоли Linux после появления синего экрана смерти (BSOD) в ОС Windows. Проект BugCheck2Linux расширяет текущие возможности запуска исполняемых файлов с помощью функции обратного вызова проверки ошибок после BSOD, чтобы запустить на экране эмуляцию другой ОС.</p>\r\n\r\n<p>Инструмент iVentoy 1.0&nbsp;<a href=\"https://habr.com/ru/news/743822/\" rel=\"noopener noreferrer nofollow\">позволяет</a>&nbsp;устанавливать на ПК ОС Windows, WinPE и различные дистрибутивы Linux по сети. Это продолжение открытого проекта Ventoy для мультизагрузки образов ОС. Разработчики пояснили, что iVentoy представляет собой &laquo;расширенную версию&raquo; сервера PXE (Preboot Execution Environment), где можно размещать загрузочные образы разных ОС и потом устанавливать их на клиентские компьютеры в локальной сети. Они уточнили, что специально сделали простой в использовании и без сложной настройки инструмент для системных администраторов.</p>", "author": 5, "slug": "news_05"}}, {"model": "mainapp.post", "pk": 6, "fields": {"created_at": "2023-10-14T20:49:44.813Z", "updated_at": "2023-10-14T21:47:02.698Z", "title": "Вышел Tor Browser 13.0", "text": "Опубликован релиз Tor Browser 13.0. Это первый стабильный выпуск на базе Firefox ESR 115. Кроме того, он получил визуальные улучшения интерфейса и поддерживает переработанный механизм специальных возможностей, представленный Mozilla в Firefox 113. Это изменение обещает значительно улучшить производительность для пользователей, которые используют программы чтения с экрана и другие вспомогательные технологии.", "body": "<p>Опубликован&nbsp;<a href=\"https://blog.torproject.org/new-release-tor-browser-130/\" rel=\"noopener noreferrer nofollow\">релиз Tor Browser 13.0</a>. Это&nbsp;<a href=\"https://www.torproject.org/download/\" rel=\"noopener noreferrer nofollow\">первый стабильный выпуск</a>&nbsp;на базе Firefox ESR 115. Кроме того, он получил визуальные улучшения интерфейса и поддерживает переработанный механизм специальных возможностей, представленный Mozilla в Firefox 113. Это изменение обещает значительно улучшить производительность для пользователей, которые используют программы чтения с экрана и другие вспомогательные технологии.</p>\r\n\r\n<p><img src=\"https://habrastorage.org/getpro/habr/upload_files/4e7/9b1/049/4e79b1049c64dd57cce8687ab67b1538.JPG\" style=\"height:652px; width:830px\" /></p>\r\n\r\n<p><strong>Основные изменения:</strong></p>\r\n\r\n<ul>\r\n\t<li>\r\n\t<p>настройка &laquo;HTTPS Only&raquo; для шифрования трафика на всех сайтах, где это возможно;</p>\r\n\t</li>\r\n\t<li>\r\n\t<p>дополнение NoScript для предотвращения атак с использованием JavaScript и блокирования по умолчанию плагинов;</p>\r\n\t</li>\r\n\t<li>\r\n\t<p>fteproxy и obfs4proxy для борьбы с блокировкой и инспектированием трафика;</p>\r\n\t</li>\r\n\t<li>\r\n\t<p>отключение или ограничение API WebGL, WebGL2, WebAudio, Social, SpeechSynthesis, Touch, AudioContext, HTMLMediaElement, Mediastream, Canvas, SharedWorker, WebAudio, Permissions, MediaDevices.enumerateDevices и screen.orientation, а также средств отправки телеметрии, Pocket, Reader View, HTTP Alternative-Services, MozTCPSocket для борьбы с отслеживанием пользователей;</p>\r\n\t</li>\r\n\t<li>\r\n\t<p>замена кода преобразования string-to-double, отключение функции обмена недавними ссылками, отключение API для сохранения PDF, сервиса и интерфейса автоскрытия баннеров подтверждения cookie, интерфейса распознавания текста.</p>\r\n\t</li>\r\n</ul>\r\n\r\n<p><strong>Визуальные изменения:</strong></p>\r\n\r\n<ul>\r\n\t<li>\r\n\t<p>новые иконки и улучшенный логотип приложения;</p>\r\n\t</li>\r\n</ul>\r\n\r\n<p><img src=\"https://habrastorage.org/getpro/habr/upload_files/cf5/e67/891/cf5e6789109096fbdbcbc0973d9ce98f.JPG\" style=\"height:792px; width:830px\" /></p>\r\n\r\n<ul>\r\n\t<li>\r\n\t<p>упрощённая реализация домашней страницы с возможностью &laquo;онионизировать&raquo; поисковые запросы DuckDuckGo;</p>\r\n\t</li>\r\n</ul>\r\n\r\n<p><img src=\"https://habrastorage.org/getpro/habr/upload_files/d44/725/f79/d44725f794d64b84f74bda14d939f10c.JPG\" style=\"height:817px; width:830px\" /></p>\r\n\r\n<ul>\r\n\t<li>\r\n\t<p>увеличенный размер новых окон с выбором соотношения сторон по умолчанию.</p>\r\n\t</li>\r\n</ul>\r\n\r\n<p>Также был произведён переход на новую схему наименования пакетов, соответствующую шаблону &quot;${ARTIFACT}-${OS}-${ARCH}-${VERSION}.${EXT}&quot;.</p>\r\n\r\n<p>Релиз браузера Tor версии 12.0 с переходом на ESR-ветку Firefox 102&nbsp;<a href=\"https://habr.com/ru/news/704194/\" rel=\"noopener noreferrer nofollow\">вышел</a>&nbsp;в декабре 2022 года.</p>", "author": 6, "slug": "news_06"}}, {"model": "mainapp.news", "pk": 1, "fields": {"created_at": "2023-10-14T20:51:18.553Z", "updated_at": "2023-10-14T20:51:18.553Z", "post": 1, "img_url": "img/news_01.webp"}}, {"model": "mainapp.news", "pk": 2, "fields": {"created_at": "2023-10-14T20:52:22.068Z", "updated_at": "2023-10-14T20:52:22.068Z", "post": 2, "img_url": "img/news_02.jpg"}}, {"model": "mainapp.news", "pk": 3, "fields": {"created_at": "2023-10-14T20:52:53.152Z", "updated_at": "2023-10-14T20:52:53.152Z", "post": 3, "img_url": "img/news_03.jpg"}}, {"model": "mainapp.news", "pk": 4, "fields": {"created_at": "2023-10-14T20:53:19.973Z", "updated_at": "2023-10-14T20:53:19.973Z", "post": 4, "img_url": "img/news_04.jpeg"}}, {"model": "mainapp.news", "pk": 5, "fields": {"created_at": "2023-10-14T20:53:53.801Z", "updated_at": "2023-10-14T20:53:53.801Z", "post": 5, "img_url": "img/news_05.jpeg"}}, {"model": "mainapp.news", "pk": 6, "fields": {"created_at": "2023-10-14T20:54:33.008Z", "updated_at": "2023-10-14T20:54:33.008Z", "post": 6, "img_url": "img/news_06.jpg"}}]