[
{
  "model": "mainapp.category",
  "pk": 1,
  "fields": {
    "created_at": "2023-10-15T20:35:26.043Z",
    "updated_at": "2023-10-15T20:35:26.043Z",
    "name": "Кулинария",
    "img_url": "img/cat_1.jpg"
  }
},
{
  "model": "mainapp.category",
  "pk": 2,
  "fields": {
    "created_at": "2023-10-15T20:36:04.413Z",
    "updated_at": "2023-10-15T20:36:04.413Z",
    "name": "Индустрия красоты",
    "img_url": "img/cat_2.jpg"
  }
},
{
  "model": "mainapp.category",
  "pk": 3,
  "fields": {
    "created_at": "2023-10-15T20:36:36.047Z",
    "updated_at": "2023-10-15T20:36:36.047Z",
    "name": "Архитектура",
    "img_url": "img/cat_3.jpg"
  }
},
{
  "model": "mainapp.category",
  "pk": 4,
  "fields": {
    "created_at": "2023-10-15T20:37:03.550Z",
    "updated_at": "2023-10-15T20:37:03.550Z",
    "name": "Маркетинг",
    "img_url": "img/cat_4.jpg"
  }
},
{
  "model": "mainapp.category",
  "pk": 5,
  "fields": {
    "created_at": "2023-10-15T20:37:26.483Z",
    "updated_at": "2023-10-15T20:37:26.483Z",
    "name": "Программирование",
    "img_url": "img/cat_5.jpg"
  }
},
{
  "model": "mainapp.category",
  "pk": 6,
  "fields": {
    "created_at": "2023-10-15T20:37:51.156Z",
    "updated_at": "2023-10-15T20:37:51.156Z",
    "name": "Йога",
    "img_url": "img/cat_6.jpg"
  }
},
{
  "model": "mainapp.category",
  "pk": 7,
  "fields": {
    "created_at": "2023-10-15T20:38:12.259Z",
    "updated_at": "2023-10-15T20:38:12.259Z",
    "name": "Психология",
    "img_url": "img/cat_7.jpg"
  }
},
{
  "model": "mainapp.category",
  "pk": 8,
  "fields": {
    "created_at": "2023-10-15T20:38:31.701Z",
    "updated_at": "2023-10-15T20:38:31.701Z",
    "name": "Дизайн",
    "img_url": "img/cat_8.jpg"
  }
},
{
  "model": "mainapp.course",
  "pk": 1,
  "fields": {
    "created_at": "2023-10-15T21:32:05.244Z",
    "updated_at": "2023-10-28T13:12:11.421Z",
    "name": "Вкусные, быстрые и эстетичные завтраки",
    "description": "Вы освоите привычные блюда, но с полезным и здоровым составом: печенье, пироги, бисквит, варенье, кремы, мусс, суфле и глазурь. Все рецепты — конструкторы, ингредиенты в них взаимозаменяемы, поэтому вы сможете подстраивать их под себя.\r\n\r\nКурс состоит из 43 подробных видеоуроков, из которых вы узнаете технологию приготовления и профессиональные секреты, и 2 занятий с психологом о том, как еда влияет на наше состояние и отношения в семье. Регулярные домашние задания и обратная связь по ним позволит вам закрепить полученные навыки. Всего на курсе вы получите 98 проверенных рецептов завтраков, а также 19 дополнительных.",
    "author": 5,
    "img_url": "/static/img/cook_cours_01.jpeg",
    "img_file": "img/cook_cours_01.jpeg",
    "price": 100,
    "active": true,
    "slug": "cook_01",
    "category": [
      1
    ]
  }
},
{
  "model": "mainapp.course",
  "pk": 2,
  "fields": {
    "created_at": "2023-10-15T21:33:21.167Z",
    "updated_at": "2023-10-28T13:12:08.366Z",
    "name": "Домашний кондитер: начните зарабатывать на десертах",
    "description": "Преподаватель обучит красиво оформлять десерты, расскажет, как сэкономить на покупке оборудования, проведёт мастер-класс по продающим фотографиям и откроет секрет привлечения клиентов.\r\n\r\nКурс состоит из подробных видеоуроков, на который вы освоите 35 десертов.\r\n\r\nВесь процесс обучения на связи с вами будет индивидуальный куратор, готовый ответить на все ваши вопросы и помочь.\r\n\r\nПрограмма подойдёт даже тем, кто никогда не пёк на заказ и только планирует начать своё дело!",
    "author": 5,
    "img_url": "/static/img/cook_cours_02.jpg",
    "img_file": "img/cook_cours_02.jpg",
    "price": 100,
    "active": true,
    "slug": "cook_02",
    "category": [
      1
    ]
  }
},
{
  "model": "mainapp.course",
  "pk": 3,
  "fields": {
    "created_at": "2023-10-15T21:37:45.778Z",
    "updated_at": "2023-10-28T13:12:03.009Z",
    "name": "Курсы косметологов",
    "description": "Ежегодно в сфере косметологии появляются различные новинки и открытия, что делает профессию косметолога востребованной. А потому пройденные в нашем «Столичном Центре» курсы переобучения на косметолога, визажиста и массажиста будут интересны начинающим, а также опытным работникам индустрии красоты. На них вы узнаете обо всех современных недавно появившихся разработках в области ухода за лицом и телом.\r\n\r\nПройти базовый курс косметолога можно как без медобразования, так и в процессе получения высшего или среднего профессионального образования в медицинском учебном заведении. По окончании обучения вы получаете необходимые для работы знания, а также научитесь правильно выполнять:\r\n\r\nЧистку лица;\r\nДепиляцию;\r\nЛечебное обертывание;\r\nМассаж.",
    "author": 6,
    "img_url": "/static/img/cool_05.jpg",
    "img_file": "img/cool_05.jpg",
    "price": 200,
    "active": true,
    "slug": "kras_01",
    "category": [
      2
    ]
  }
},
{
  "model": "mainapp.course",
  "pk": 4,
  "fields": {
    "created_at": "2023-10-16T09:59:37.908Z",
    "updated_at": "2023-10-28T13:11:51.263Z",
    "name": "КУРС СОВРЕМЕННОЙ КОСМЕТОЛОГИИ",
    "description": "Грамотный уход за кожей играет важную роль в поддержании здоровья и хорошей физической формы. На курсах косметологии ЕШКО вы получите все необходимые в этой области знания и научитесь применять их на практике.\r\n\r\nКожа человека ежедневно контактирует с внешним миром и подвергается негативному воздействию множества факторов. Программа обучения косметологии раскрывает интересные вопросы, касающиеся поддержания здоровья и молодости тела и лица. Простые рекомендации опытных специалистов помогут вам стать еще привлекательнее и значительно улучшить самочувствие.\r\n\r\nЧто входит в программу курса для косметологов:\r\n\r\nзнакомство с типами кожи и их отличиями для подбора индивидуальной системы ухода;\r\nизучение правил самостоятельного составления кремов, мазей и других «эликсиров красоты», а также порядка их использования;\r\nизучение механизмов продления молодости и красоты, обучение основным правилам ухода за собой;\r\nосвоение простых процедур для здоровья и упругости кожи без инъекций и пластической хирургии — рефлексотерапии, мануального и косметического массажа и т. д.\r\nПривлекательность и хорошее физическое здоровье являются залогом положительного эмоционального состояния. Знания, которые дает курс косметологии, важны для всех, кто следит за своим телом и самочувствием.\r\n\r\nСуществует множество обучающих программ по уходу за кожей, однако не всегда есть средства и время для их освоения. Некоторые школы находятся в Москве и недоступны для жителей других регионов.\r\n\r\nМы создали уникальные курсы косметологов для домашнего обучения. Учеба проходит дистанционно, уроки дают глубокие теоретические знания, а в практике большое внимание уделяется самостоятельной работе. При этом в процессе обучения косметологии вы всегда можете обратиться за поддержкой к личному преподавателю. Профессионал поможет в освоении всех тонкостей нового увлечения и подскажет ответы на все вопросы.\r\n\r\nЧтобы оценить информативность и удобство методики обучения, рекомендуем скачать бесплатный пробный урок по косметологии. Если вы купите сразу весь курс, то цена будет ниже за счет скидки.\r\n\r\nНачать изучение цифрового курса «Современная косметология» или скачать бесплатный пробный урок, чтобы более подробно ознакомиться с курсом и методикой, Вы можете прямо сейчас.",
    "author": 5,
    "img_url": "/static/img/cool_07.jpg",
    "img_file": "img/cool_07.jpg",
    "price": 200,
    "active": true,
    "slug": "cool_cours_01",
    "category": [
      2
    ]
  }
},
{
  "model": "mainapp.course",
  "pk": 5,
  "fields": {
    "created_at": "2023-10-16T10:07:36.701Z",
    "updated_at": "2023-10-28T13:17:35.075Z",
    "name": "Информационное моделирование зданий в Autodesk Revit",
    "description": "В начале курса мы рассмотрим теоретические аспекты технологии информационного моделирования зданий (BIM), узнаем, что это, какой софт используется для реализации технологии на практике, какие вообще существуют технологии архитектурного проектирования и как они сменяли друг друга в течение последних лет.\r\nНачиная со второго модуля, мы займёмся изучением программы Autodesk Revit Architecture. Рассмотрим общие принципы работы в программе, подробно изучим процесс создания информационной модели, начиная с отдельных компонентов модели (семейств) и закачивая формированием чертежей и спецификаций. Познакомимся с принципами совместной работы над одной моделью внутри большой команды проектировщиков. В ходе курса каждый учащийся шаг за шагом создаст полноценную информационную модель здания, соответствующую моделям, выполняемым проектными компаниями на стадии \"П\" для архитектурного раздела.\r\nКурс подготовлен специалистами Академии BIM и BIM Planet.",
    "author": 7,
    "img_url": "https://www.revitcity.com/forum_files/71491_screen_1.JPG",
    "img_file": "img/course_img5.jpg",
    "price": 300,
    "active": true,
    "slug": "arhit_cours_01",
    "category": [
      3
    ]
  }
},
{
  "model": "mainapp.course",
  "pk": 6,
  "fields": {
    "created_at": "2023-10-18T18:35:44.065Z",
    "updated_at": "2023-10-28T13:11:43.996Z",
    "name": "Основы кулинарии",
    "description": "На курсе \"Основы кулинарии\", от школы кулинарии Home Chef, вы изучите абсолютно все, что нужно для вкусных блюд дома! Вы научитесь вкусно готовить и красиво подавать блюда из птицы, говядины, свинины, рыбы и морепродуктов, а также супы и выпечку из несладкого теста!\r\n\r\nОсновы кулинарии — курс про навыки и глубинное понимание основных принципов кулинарии. Вы научитесь готовить более 60 блюд разных кухонь мира, плюс ещё примерно 40 соусов и разных заготовок.\r\n\r\n\r\nИтого 100+ позиций за 2 месяца...﻿\r\n\r\nКурс проходит в формате видеоуроков, где шеф-повар объясняет важнейшие принципы и технологии приготовления каждого блюда, раскрывает многие фишки и секреты из своего опыта!\r\nВсе уроки по блюдам на курсе останутся у вас НАВСЕГДА\r\nВы можете выбрать ЛЮБУЮ дату старта вашего обучения на курсе (к примеру, во время вашего отпуска)\r\n\r\nНа курсе у вас будет ЛУЧШИЙ КУРАТОР - Марина Баева, которая в случае чего спасет ваше блюдо, поможет и подскажет, какой ингредиент заменить и прочее\r\nВы можете приобрести курс. В РАССРОЧКУ с минимальным первым платежом 990 рублей.\r\nУ вас появляется доступ к закрытому чату с остальными учениками, с которыми можно обмениваться опытом и хвастаться своими кулинарными достижениями!\r\nПосле прохождения обучения вы получаете СЕРТИФИКАТ!",
    "author": 6,
    "img_url": "/static/img/cook_cours_03.jpg",
    "img_file": "img/cook_cours_03.jpg",
    "price": 100,
    "active": true,
    "slug": "cook_cors_01",
    "category": [
      1
    ]
  }
},
{
  "model": "mainapp.course",
  "pk": 7,
  "fields": {
    "created_at": "2023-10-18T19:17:03.706Z",
    "updated_at": "2023-10-28T13:11:39.126Z",
    "name": "Железобетонные конструкции в REVIT",
    "description": "Многие организации сейчас директивно переводят на Revit. Но проектировщикам перестроится не так-то просто, потому что Revit – это программа с абсолютно иной логикой работы нежели AutoCAD.Мы создали целостную систему обучения, благодаря которой можно добиться полной систематизации знаний и работы в Revit.На курсе будет досконально разобрана техника формирования ведомостей, спецификаций и таблиц, т.к. это является главным преимуществом в Revit.Разобраться в ней самостоятельно, в короткий срок, очень сложно. Особенно, когда речь идет об армировании. На это придется потратить многие месяцы.\r\n\r\nПоэтому мы создали целостную систему обучения, благодаря которой можно добиться полной систематизации знаний и работы в Revit.",
    "author": 6,
    "img_url": "/static/img/arxi_01.jpg",
    "img_file": "img/arxi_01.jpg",
    "price": 100,
    "active": true,
    "slug": "cours_arhi_01",
    "category": [
      3
    ]
  }
},
{
  "model": "mainapp.course",
  "pk": 8,
  "fields": {
    "created_at": "2023-10-18T19:48:25.870Z",
    "updated_at": "2023-10-28T13:11:33.874Z",
    "name": "Специалист по Яндекс Директу",
    "description": "Научитесь самостоятельно настраивать эффективные\r\nрекламные кампании\r\n\r\nСможете претендовать на позицию младшего специалиста по контекстной рекламе сразу после обучения\r\n\r\nПолучите возможность пройти стажировку в digital-мастерской «Хаски Digital»\r\n\r\nСпециалист по контекстной рекламе помогает привлекать новых клиентов на сайт\r\n\r\nОн размещает платную рекламу в интернете: подбирает ключевые слова, настраивает кампании и анализирует их эффективность.\r\n\r\nГрамотно подготовленная контекстная реклама даёт быстрый результат — первые клиенты могут прийти уже через несколько часов после запуска.",
    "author": 6,
    "img_url": "/static/img/mark_02.jpg",
    "img_file": "img/mark_02.jpg",
    "price": 300,
    "active": true,
    "slug": "mark_cours_01",
    "category": [
      4
    ]
  }
},
{
  "model": "mainapp.course",
  "pk": 9,
  "fields": {
    "created_at": "2023-10-18T19:52:03.551Z",
    "updated_at": "2023-10-28T13:11:27.225Z",
    "name": "Маркетинг-менеджмент",
    "description": "Курс посвящен изучению основных аспектов, в которых маркетинг пересекается со стратегическим менеджментом компании, а потому позволяет понять, что такое маркетинговая ориентация бизнеса и почему она становится в настоящее время основным условием выживания и развития бизнеса. Цель курса \"Маркетинг-менеджмент\" заключается в освоении студентами современных концепций маркетинга в увязке с логикой менеджмента компании, а также в способности студентов применять маркетинговые инструменты на практике при анализе и выработке коммерческой политики компании.\r\n\r\nВ качестве дополнительного сопровождения к дисциплине предлагается глоссарий, содержащий основные понятия и определения, используемые в рамках дисциплины.",
    "author": 5,
    "img_url": "/static/img/mark_03.jpg",
    "img_file": "img/mark_03.jpg",
    "price": 150,
    "active": true,
    "slug": "mark_cours_02",
    "category": [
      4
    ]
  }
},
{
  "model": "mainapp.course",
  "pk": 10,
  "fields": {
    "created_at": "2023-10-18T19:57:39.258Z",
    "updated_at": "2023-10-28T13:11:12.140Z",
    "name": "Профессия Python-разработчик",
    "description": "Самый востребованный язык в 2023 году по версии рейтинга TIOBE\r\n\r\nНа Python пишут сайты, приложения, игры и чат-боты. Netflix, Spotify, Google, Dropbox и Youtube написаны на Python.\r\nПогружение в разработку: Специалисты расскажут о том, как устроена разработка различных платформ и сервисов, предназначенных как для сотрудников компании, так и для её клиентов.\r\nРеальные кейсы: Вы узнаете об особенностях Python-разработки внутри крупных компаний и разберётесь в интересных практических кейсах.\r\nРекомендации по трудоустройству: Получите ценные советы от HR-специалистов о том, как успешно устроиться на работу в области Python-разработки.\r\nМетодология Agile: Ознакомьтесь с практикой применения методологии Agile в управлении IT-проектами и узнайте, как это поможет вам в реальной работе.\r\nРабота в крупных компаниях: Поймёте, готовы ли вы к тому, чтобы работать в крупных и известных компаниях, и какие навыки для этого необходимы.",
    "author": 6,
    "img_url": "/static/img/prog_02.jpg",
    "img_file": "img/prog_02.jpg",
    "price": 150,
    "active": true,
    "slug": "prog_cours_01",
    "category": [
      5
    ]
  }
},
{
  "model": "mainapp.course",
  "pk": 11,
  "fields": {
    "created_at": "2023-10-18T20:00:47.875Z",
    "updated_at": "2023-10-28T13:11:08.729Z",
    "name": "Web-технологии",
    "description": "Курс «Web-технологии» охватывает широкий спектр технологий и подходов, использующихся при разработке Интернет-сайтов и Веб-приложений. Рассматривается разработка на Node.js с использованием JavaScript, основы PHP, разработка интерфейса с использованием HTML и CSS, использование JQuery, Angular, разработка с TypeScript, основы React.js.\r\n\r\nС 26 апреля 2021 года данный курс доступен в демо-режиме на stepik.org. Вы можете бесплатно пройти полную версию курса на платформе разработчиков курса Web-технологии.\r\n\r\nВ курсе \"Web-технологии\" Вы познакомитесь с основами разработки web-приложений. Мы пройдём последовательно от того, что такое протоколы, до понимания отличий в разработке серверных и клиентских частей web-приложения.\r\n\r\nОсновным языком разработки будет JavaScript, но мы коснёмся и применим TypeScript и PHP. Это не означает, что после прохождения данного курса Вы будете владеть всеми особенностями применения данных языков, но Ваших знаний будет достаточно для разработки насыщенных интернет приложений и дальнейшего изучения темы.\r\n\r\nМы познакомимся как с понятиями HTML и CSS, так и возможностями по их генерации - PUG и LESS, разберёмся с тем, что такое REST, научимся применять Ajax. Мы не обойдём своим вниманием и находящиеся на слуху JQuery (UI, Mobile), Backbone.js, Angular, React. Мы разберёмся с тем, что такое модульное тестирование, научимся автоматизировать сборку web-приложений. А на самой последнем занятии постараемся разобраться какие же ошибки не следует допускать при web-разработке.\r\n\r\nКаждая лекция заканчивается практическими заданиями, выполнять которые придётся в виртуальной машине Linux. Базовые знания по использованию и необходимые примеры предоставляются.",
    "author": 6,
    "img_url": "/static/img/prog_04.jpg",
    "img_file": "img/prog_04.jpg",
    "price": 200,
    "active": true,
    "slug": "prog_cours_02",
    "category": [
      5
    ]
  }
},
{
  "model": "mainapp.course",
  "pk": 12,
  "fields": {
    "created_at": "2023-10-18T20:03:53.176Z",
    "updated_at": "2023-10-28T13:11:04.163Z",
    "name": "Курсы Йоги Айенгара",
    "description": "Айенгара — идеальная практика для начинающих. Она учит правильно выполнять асаны. Когда тело запоминает простую позицию, выполнить более сложную гораздо легче. Она учит запоминать порядок асан и правильный переход из одной асаны в другую. Это не агрессивная практика с простыми асанами. в которую очень легко войти без специальной подготовки.",
    "author": 7,
    "img_url": "/static/img/yoga_02.jpg",
    "img_file": "img/yoga_02.jpg",
    "price": 100,
    "active": true,
    "slug": "yoga_cours_01",
    "category": [
      6
    ]
  }
},
{
  "model": "mainapp.course",
  "pk": 13,
  "fields": {
    "created_at": "2023-10-18T20:05:22.893Z",
    "updated_at": "2023-10-28T13:10:56.051Z",
    "name": "Курсы по йоге «Техника силовой йоги»",
    "description": "Пауэр йога — динамичная йога, объединяющая силу и гибкость, выносливость, координацию, баланс и концентрацию. В ней так же, как и в обычной йоге используются различные асаны, но нет строгой последовательности, модули плавно переходят из одного в другой.\r\n\r\nПрактика Силовой йоги представляет собой несколько блоков, упражнения в которых выполняются в очень динамичном темпе. Силовые упражнения чередуются с расслаблением, растяжками и дыхательными упражнениями. В конце каждого блока предусматривается выполнение Пранаям, в результате которых ученик без труда сможет восстановить свои силы и энергию. Все упражнения в уроке связаны между собой виньяса последовательностями.",
    "author": 6,
    "img_url": "/static/img/yoga_03.jpg",
    "img_file": "img/yoga_03.jpg",
    "price": 100,
    "active": true,
    "slug": "yoga_cours_02",
    "category": [
      6
    ]
  }
},
{
  "model": "mainapp.course",
  "pk": 14,
  "fields": {
    "created_at": "2023-10-18T20:08:27.024Z",
    "updated_at": "2023-10-28T13:10:50.735Z",
    "name": "Психология: узнать себя и понять других",
    "description": "В России только формируется культура психологической помощи\r\n\r\nЛюди интересуются методами психологии, но не всегда могут обратиться к специалисту. В этом случае можно начать заботиться о себе самостоятельно с помощью проверенной информации и регулярной практики.\r\n\r\nНавык работы со своими эмоциями позволяет лучше осознавать свои потребности и желания. На курсе вы получите знания, которые помогут изменить вашу жизнь и лучше понять других людей.\r\n\r\nВо время обучения вы узнаете, как устроены мышление, личность и эмоции, научитесь прислушиваться к своим желаниям и начнёте использовать психологию как инструмент помощи себе и близким",
    "author": 5,
    "img_url": "/static/img/psix_02.jpg",
    "img_file": "img/psix_02.jpg",
    "price": 150,
    "active": true,
    "slug": "psih_cours_02",
    "category": [
      7
    ]
  }
},
{
  "model": "mainapp.course",
  "pk": 15,
  "fields": {
    "created_at": "2023-10-18T20:11:00.249Z",
    "updated_at": "2023-10-28T13:10:44.829Z",
    "name": "Профессия Психолог-консультант",
    "description": "Освойте профессию психолога-консультанта:\r\nконсультируйте в своем кабинете или онлайн, работайте сами на себя, зарабатывайте деньги, решайте свои личные проблемы и повышайте качество своей жизни\r\n\r\nПроводить консультирование клиентов с разными запросами\r\nИспользовать психодиагностические инструменты в процессе консультирования\r\nПрименять эффективные методики из разных направлений психологии",
    "author": 6,
    "img_url": "https://t42748.vteximg.com.br/arquivos/ids/163324-1920-1280/Psicologia-Juridica-DISCIPLINA-UNINASSAU-.jpg",
    "img_file": "",
    "price": 100,
    "active": true,
    "slug": "psih_cours_03",
    "category": [
      7
    ]
  }
},
{
  "model": "mainapp.course",
  "pk": 16,
  "fields": {
    "created_at": "2023-10-18T20:13:34.676Z",
    "updated_at": "2023-10-28T13:10:39.409Z",
    "name": "Профессия Дизайнер интерьеров",
    "description": "Вы научитесь преображать дома и квартиры. Узнаете, как создавать чертежи, эффектные рендеры и 3D-визуализации. Получите востребованную профессию, сможете брать высокооплачиваемые заказы или открыть дизайн-студию.\r\n\r\nДизайнеры интерьеров превращают пустые бетонные коробки в уютные дома, которые не хочется покидать. Сейчас их услуги особенно востребованы, ведь в России настоящий бум новостроек. Согласно данным сервиса «Ремонт со СберУслугами» и компании «ЮKassa», за последний год спрос на услуги профессионалов вырос на 77%.\r\n\r\nСпециалисты могут работать в дизайн-студии или уйти на фриланс — самостоятельно решать, за какие задачи приниматься и сколько брать за свои услуги.",
    "author": 5,
    "img_url": "/static/img/diz_03.jpg",
    "img_file": "img/diz_03.jpg",
    "price": 200,
    "active": true,
    "slug": "diz_cours_02",
    "category": [
      8
    ]
  }
},
{
  "model": "mainapp.course",
  "pk": 17,
  "fields": {
    "created_at": "2023-10-18T20:15:21.328Z",
    "updated_at": "2023-10-28T13:10:33.867Z",
    "name": "Дизайнер интерьеров",
    "description": "Обучение включает дизайн интерьеров с нуля, изучение принципов проектирования, эргономики, дизайна и оформления помещений, работу с ArchiCAD, 3D Maxs, Photoshop, InDesign, а также создание уникальных и функциональных интерьеров, что позволит вам стать квалифицированным дизайнером с возможностью реализации собственных проектов или трудоустройства.",
    "author": 7,
    "img_url": "/static/img/diz_04.jpeg",
    "img_file": "img/diz_04.jpeg",
    "price": 100,
    "active": true,
    "slug": "diz_cours_03",
    "category": [
      8
    ]
  }
},
{
  "model": "mainapp.course",
  "pk": 18,
  "fields": {
    "created_at": "2023-10-27T12:08:45.506Z",
    "updated_at": "2023-10-28T13:10:28.677Z",
    "name": "Совсем новый курс о кошках",
    "description": "Многие владельцы котов жалуются, что животные ведут себя из рук вон плохо: сбрасывают вещи с полок, делают агрессивный «кусь», когда их гладят, воротят нос от дорогих игрушек. Мы злимся на пушистых проказников и часто не понимаем, что своим поведением они хотят нам что-то сказать или просят о помощи.\r\n\r\nМеня зовут Татьяна Куликова, я 11 лет работаю зоопсихологом и занимаюсь коррекцией поведения кошек. Я провожу консультации, веду блог и делюсь своим опытом в *******. Сегодня же специально для читателей ADME расскажу, как находить общий язык с любимыми хвостиками и обеспечить им счастливую жизнь.",
    "author": 6,
    "img_url": "https://koshka.top/uploads/posts/2021-11/1637911871_10-koshka-top-p-chertezh-koshki-12.jpg",
    "img_file": "",
    "price": 200,
    "active": true,
    "slug": "pcih_cat_new_01",
    "category": [
      7
    ]
  }
},
{
  "model": "mainapp.post",
  "pk": 1,
  "fields": {
    "created_at": "2023-10-15T21:10:58.741Z",
    "updated_at": "2023-10-28T14:20:09.756Z",
    "title": "Microsoft запустила программу поиска уязвимостей в своих ИИ-продуктах",
    "text": "Microsoft объявила о новой программе Bing AI bug bounty, которая вводит вознаграждения за уязвимости в ИИ-продуктах компании. Для тех, кто обнаружит баги с рейтингами «важные» или «критические», предусмотрены премии в размере от $2000 до $15 000.",
    "body": "<p>Microsoft&nbsp;<a href=\"https://www.microsoft.com/en-us/msrc/bounty-ai\" rel=\"noopener noreferrer nofollow\">объявила</a>&nbsp;о новой программе Bing AI bug bounty, которая вводит вознаграждения за уязвимости в ИИ-продуктах компании. Для тех, кто обнаружит баги с рейтингами &laquo;важные&raquo; или &laquo;критические&raquo;, предусмотрены премии в размере от $2000 до $15 000.</p>\r\n\r\n<p><img src=\"https://habrastorage.org/r/w1560/getpro/habr/upload_files/20e/04e/c48/20e04ec483afee5a8279a02e445fbf7e.jpeg\" style=\"height:647px; width:100%\" /></p>\r\n\r\n<p>Примеры уязвимостей, за которые можно получить вознаграждение, включают использование быстрого проектирования, позволяющее чату Bing раскрывать конфиденциальную информацию, содержащуюся в весах модели, обходить ограничения чата Bing, касающихся поведения бота или продолжительности сеанса, а также получать доступ к истории чата.</p>\r\n\r\n<p>Высшую награду предложат за критические уязвимости в манипуляциях с выводами, моделями или раскрытием информации, основанной на выводах.</p>\r\n\r\n<p><img src=\"https://habrastorage.org/getpro/habr/upload_files/292/665/2e1/2926652e190f45a25eb774b781383836.JPG\" style=\"height:395px; width:100%\" /></p>\r\n\r\n<p>В рамках программы можно будет искать уязвимости в любой интеграции Bing на базе искусственного интеллекта в Microsoft Edge, на веб-сайте bing.com (независимо от браузера), в меню &laquo;Пуск&raquo; Microsoft или в приложении Skype.</p>\r\n\r\n<p>Другие разработчики ИИ тоже предлагают программы вознаграждений за обнаружение ошибок. Так, OpenAI обещает премии до $20 000 за &laquo;исключительные&raquo; уязвимости.</p>\r\n\r\n<p>Ранее Microsoft&nbsp;<a href=\"https://habr.com/ru/news/723906/\" rel=\"noopener noreferrer nofollow\">добавила</a>&nbsp;модель DALL-E 3 от OpenAI в свой конструктор изображений Bing Image Creator, но его пользователи&nbsp;<a href=\"https://habr.com/ru/news/766394/\" rel=\"noopener noreferrer nofollow\">сталкиваются</a>&nbsp;с жёсткой цензурой при попытке использовать даже безобидные текстовые подсказки.</p>",
    "author": 2,
    "slug": "news_01"
  }
},
{
  "model": "mainapp.post",
  "pk": 2,
  "fields": {
    "created_at": "2023-10-15T21:13:50.003Z",
    "updated_at": "2023-10-28T14:50:45.882Z",
    "title": "Эксперты обнаружили муху под видеочипом Nvidia GeForce RTX 4090 Founders Edition из-за которой видеокарта не работала",
    "text": "Эксперты из TechTuber NorthWestRepair во время проведения ремонтных работ обнаружили баг (насекомое) между графическим процессором и контактными площадками печатной платы Nvidia GeForce RTX 4090 Founders Edition. Из-за этого необычного элемента внутри видеокарта не работала.",
    "body": "<h1>&nbsp;</h1>\r\n\r\n<p><img src=\"https://habrastorage.org/r/w1560/webt/pf/6m/3v/pf6m3vucnkkcpdtb6_h4ewrhntm.jpeg\" style=\"width:100%\" /></p>\r\n\r\n<p>Эксперты из TechTuber NorthWestRepair во время проведения ремонтных работ&nbsp;<a href=\"https://www.tomshardware.com/news/bug-impedes-rtx-4090-founders-edition-gpu-from-working\" rel=\"noopener noreferrer nofollow\">обнаружили</a>&nbsp;баг (насекомое) между графическим процессором и контактными площадками печатной платы Nvidia GeForce RTX 4090 Founders Edition. Из-за этого необычного элемента внутри видеокарта не работала.</p>\r\n\r\n<p>Клиент, заключивший контракт с NorthWestRepair на ремонт видеокарты, объяснил, что у него есть &laquo;совершенно новая&raquo; Nvidia GeForce RTX 4090 Founders Edition, которую он купил на распродаже без какой-либо гарантии. Наверное, это была выгодная сделка. Неудивительно, что дешёвая видеокарта не работала. Однако устройство подавало некоторые признаки жизни. При включении системы вентиляторы графического адаптера раскручивались до максимальной скорости, но изображение не выводилось ни на один монитор.</p>\r\n\r\n<p>Эксперты NorthWestRepair начали расследование инцидента с самых основ. Они аккуратно разобрали карту, полностью обнажив печатную плату для детального осмотра. Специалист по ремонту выполнил все обычные действия, которые выполняются на этой стадии изучения нерабочей электроники, включая тестирование адаптера на наличие коротких замыканий по питанию, фиксацию требуемого уровня напряжения на основных потребителях, проверку под микроскопом наличия неисправностей и трещин на печатной плате, а также прозвонку силовых цепей и соединений, включая проверку кварцевого генератора и соединений к микросхемам BIOS.</p>\r\n\r\n<p>После всех проверок инженер предположил, что наиболее вероятным кандидатом на неисправность является именно графический процессор. В NorthWestRepair решили снять чип AD102 для его проверки и изучения. С помощью инструмента для распайки BGA эксперт отсоединил графический процессор и обнаружил под ним мёртвое насекомое. Его присутствие, должно быть, повлияло на некоторые контакты BGA и вызвало ошибку отсутствия изображения.</p>\r\n\r\n<p><img src=\"https://habrastorage.org/r/w1560/webt/6m/oo/ks/6mooks907kmjcsf1bc5eni1tuwe.jpeg\" style=\"width:100%\" /></p>\r\n\r\n<p>После очистки контактов чипа и переустановки микросхемы на видеокарту тестирование видеоадаптера показало, что некогда мёртвая RTX 4090 теперь полна жизни. Адаптер заработал, запустился и показал хорошие результаты в 3DMark. В NorthWestRepair пояснили, что карта фактически новая после удаления бага, готова к передаче клиенту, а играть на ней теперь можно без ранее выявленных ошибок.</p>\r\n\r\n<p>Профильный эксперт пояснил, что это очень необычно, чтобы что-то вроде летающего жука проникло в чистое помещение для сборки электроники, особенно видеокарты уровня Nvidia FE. Так что факт попадания насекомого под чип видеокарты&nbsp;<a href=\"https://twitter.com/ghost_motley/status/1713138963248984355\" rel=\"noopener noreferrer nofollow\">считается</a>&nbsp;редким поворотом событий в отрасли микроэлектроники. А удаление насекомого и возврат к работе адаптера показал, что проблема была именно в физическом баге.</p>",
    "author": 2,
    "slug": "news_02"
  }
},
{
  "model": "mainapp.post",
  "pk": 3,
  "fields": {
    "created_at": "2023-10-15T21:15:38.083Z",
    "updated_at": "2023-10-28T14:46:15.818Z",
    "title": "Microsoft выпустила подробную инструкцию как скачать и установить Linux на ПК",
    "text": "Компания Microsoft выпустила подробную инструкцию для всех пользователей как скачать и установить Linux на ПК (How to download and install Linux) в рамках развития своего информационного портала под названием «Ресурсы Linux в Microsoft» и для продолжения активной работы с сообществом разработчиков Open Source.",
    "body": "<p><img src=\"https://habrastorage.org/r/w1560/webt/cx/jp/vf/cxjpvf_ho3vdxfhj7dgncm4t-fi.jpeg\" style=\"width:100%\" /></p>\r\n\r\n<p>Компания Microsoft&nbsp;<a href=\"https://learn.microsoft.com/en-us/linux/install\" rel=\"noopener noreferrer nofollow\">выпустила</a>&nbsp;подробную инструкцию для всех пользователей как скачать и установить Linux на ПК (How to download and install Linux) в рамках развития своего информационного портала под названием &laquo;<a href=\"https://learn.microsoft.com/en-us/linux/\" rel=\"noopener noreferrer nofollow\">Ресурсы Linux в Microsoft</a>&raquo; и для продолжения активной работы с сообществом разработчиков Open Source.</p>\r\n\r\n<p>&laquo;Linux &mdash; это операционная система, похожая на Windows, но имеющая множество различных версий, поскольку она имеет открытый исходный код и полностью настраивается. Чтобы установить Linux, вам необходимо выбрать метод установки и дистрибутив Linux&raquo;, &mdash; пояснила Microsoft.</p>\r\n\r\n<p>Согласно пошаговой инструкции от Microsoft, Linux можно установить в четыре этапа, каждый из которых включает в себя несколько пунктов действий, в зависимости от вариантов использования этой ОС.</p>\r\n\r\n<p>На первом этапе нужно выбрать способ установки. Microsoft пояснила, что в пользователи могут выбирать между использованием подсистемы WSL, Bare metal, виртуальной машиной, локальной установкой на ПК или установку образа ОС в облаке.</p>\r\n\r\n<p>На втором этапе Microsoft поясняет принципы выбора подходящего дистрибутива Linux (Ubuntu, Debian, Kali Linux, OpenSUSE и так далее), рекомендуя принимать во внимание предыдущий опыт пользователя, производительность компьютера, обширность экосистемы того или иного дистрибутива и наличие подробной документации. Microsoft советует посетить сайт&nbsp;<a href=\"http://linux.org/\" rel=\"noopener noreferrer nofollow\">Linux.org</a>&nbsp;для принятия решения по выбору дистрибутива Linux.</p>\r\n\r\n<p><img src=\"https://habrastorage.org/r/w1560/webt/hw/zk/fa/hwzkfal_vgawznx_e8kzbwensgi.png\" style=\"width:100%\" /></p>\r\n\r\n<p>На третьем этапе установки Linux Microsoft пояснила как создавать установочный USB-накопитель (на примере с Ubuntu Desktop) с описанием программных инструментов для этого, а также процессы установки в облачных средах и на виртуальной машине.</p>\r\n\r\n<p>На четвёртом этапе Microsoft рекомендует обновить ОС, предлагает советы по работе с менеджерами пакетов и дополнительным программным обеспечением для Linux.</p>\r\n\r\n<p>В сентябре 2023 года Microsoft&nbsp;<a href=\"https://habr.com/ru/news/762748/\" rel=\"noopener noreferrer nofollow\">выпустила</a>&nbsp;подсистему Windows для Linux (<a href=\"https://habr.com/ru/news/516054/\" rel=\"noopener noreferrer nofollow\">WSL</a>) 2.0.0 с набором новых экспериментальных функций. Она включает &laquo;зеркальный&raquo; сетевой режим, а также автоматическую очистку памяти и дисков.</p>\r\n\r\n<p>В сентябре 2022 года Microsoft и Canonical&nbsp;<a href=\"https://habr.com/ru/news/689780/\" rel=\"noopener noreferrer nofollow\">объединились</a>, чтобы добавить поддержку systemd в подсистему Windows для Linux, что позволяет устанавливать большее количество совместимых приложений.</p>\r\n\r\n<h4>Другие проекты с Windows и Linux</h4>\r\n\r\n<p>Инструмент&nbsp;<a href=\"https://github.com/NSG650/BugCheck2Linux\" rel=\"noopener noreferrer nofollow\">BugCheck2Linux</a>&nbsp;позволяет&nbsp;<a href=\"https://habr.com/ru/news/736200/\" rel=\"noopener noreferrer nofollow\">продолжить</a>&nbsp;работу на ПК в консоли Linux после появления синего экрана смерти (BSOD) в ОС Windows. Проект BugCheck2Linux расширяет текущие возможности запуска исполняемых файлов с помощью функции обратного вызова проверки ошибок после BSOD, чтобы запустить на экране эмуляцию другой ОС.</p>\r\n\r\n<p>Инструмент iVentoy 1.0&nbsp;<a href=\"https://habr.com/ru/news/743822/\" rel=\"noopener noreferrer nofollow\">позволяет</a>&nbsp;устанавливать на ПК ОС Windows, WinPE и различные дистрибутивы Linux по сети. Это продолжение открытого проекта Ventoy для мультизагрузки образов ОС. Разработчики пояснили, что iVentoy представляет собой &laquo;расширенную версию&raquo; сервера PXE (Preboot Execution Environment), где можно размещать загрузочные образы разных ОС и потом устанавливать их на клиентские компьютеры в локальной сети. Они уточнили, что специально сделали простой в использовании и без сложной настройки инструмент для системных администраторов.</p>",
    "author": 2,
    "slug": "news_03"
  }
},
{
  "model": "mainapp.post",
  "pk": 4,
  "fields": {
    "created_at": "2023-10-15T21:17:29.513Z",
    "updated_at": "2023-10-28T14:46:54.126Z",
    "title": "Вышел Tor Browser 13.0",
    "text": "Опубликован релиз Tor Browser 13.0. Это первый стабильный выпуск на базе Firefox ESR 115. Кроме того, он получил визуальные улучшения интерфейса и поддерживает переработанный механизм специальных возможностей, представленный Mozilla в Firefox 113. Это изменение обещает значительно улучшить производительность для пользователей, которые используют программы чтения с экрана и другие вспомогательные технологии.",
    "body": "<p>Опубликован&nbsp;<a href=\"https://blog.torproject.org/new-release-tor-browser-130/\" rel=\"noopener noreferrer nofollow\">релиз Tor Browser 13.0</a>. Это&nbsp;<a href=\"https://www.torproject.org/download/\" rel=\"noopener noreferrer nofollow\">первый стабильный выпуск</a>&nbsp;на базе Firefox ESR 115. Кроме того, он получил визуальные улучшения интерфейса и поддерживает переработанный механизм специальных возможностей, представленный Mozilla в Firefox 113. Это изменение обещает значительно улучшить производительность для пользователей, которые используют программы чтения с экрана и другие вспомогательные технологии.</p>\r\n\r\n<p><img src=\"https://habrastorage.org/getpro/habr/upload_files/4e7/9b1/049/4e79b1049c64dd57cce8687ab67b1538.JPG\" style=\"height:652px; width:100%\" /></p>\r\n\r\n<p><strong>Основные изменения:</strong></p>\r\n\r\n<ul>\r\n\t<li>\r\n\t<p>настройка &laquo;HTTPS Only&raquo; для шифрования трафика на всех сайтах, где это возможно;</p>\r\n\t</li>\r\n\t<li>\r\n\t<p>дополнение NoScript для предотвращения атак с использованием JavaScript и блокирования по умолчанию плагинов;</p>\r\n\t</li>\r\n\t<li>\r\n\t<p>fteproxy и obfs4proxy для борьбы с блокировкой и инспектированием трафика;</p>\r\n\t</li>\r\n\t<li>\r\n\t<p>отключение или ограничение API WebGL, WebGL2, WebAudio, Social, SpeechSynthesis, Touch, AudioContext, HTMLMediaElement, Mediastream, Canvas, SharedWorker, WebAudio, Permissions, MediaDevices.enumerateDevices и screen.orientation, а также средств отправки телеметрии, Pocket, Reader View, HTTP Alternative-Services, MozTCPSocket для борьбы с отслеживанием пользователей;</p>\r\n\t</li>\r\n\t<li>\r\n\t<p>замена кода преобразования string-to-double, отключение функции обмена недавними ссылками, отключение API для сохранения PDF, сервиса и интерфейса автоскрытия баннеров подтверждения cookie, интерфейса распознавания текста.</p>\r\n\t</li>\r\n</ul>\r\n\r\n<p><strong>Визуальные изменения:</strong></p>\r\n\r\n<ul>\r\n\t<li>\r\n\t<p>новые иконки и улучшенный логотип приложения;</p>\r\n\t</li>\r\n</ul>\r\n\r\n<p><img src=\"https://habrastorage.org/getpro/habr/upload_files/cf5/e67/891/cf5e6789109096fbdbcbc0973d9ce98f.JPG\" style=\"height:792px; width:100%\" /></p>\r\n\r\n<ul>\r\n\t<li>\r\n\t<p>упрощённая реализация домашней страницы с возможностью &laquo;онионизировать&raquo; поисковые запросы DuckDuckGo;</p>\r\n\t</li>\r\n</ul>\r\n\r\n<p><img src=\"https://habrastorage.org/getpro/habr/upload_files/d44/725/f79/d44725f794d64b84f74bda14d939f10c.JPG\" style=\"height:817px; width:100%\" /></p>\r\n\r\n<ul>\r\n\t<li>\r\n\t<p>увеличенный размер новых окон с выбором соотношения сторон по умолчанию.</p>\r\n\t</li>\r\n</ul>\r\n\r\n<p>Также был произведён переход на новую схему наименования пакетов, соответствующую шаблону &quot;${ARTIFACT}-${OS}-${ARCH}-${VERSION}.${EXT}&quot;.</p>\r\n\r\n<p>Релиз браузера Tor версии 12.0 с переходом на ESR-ветку Firefox 102&nbsp;<a href=\"https://habr.com/ru/news/704194/\" rel=\"noopener noreferrer nofollow\">вышел</a>&nbsp;в декабре 2022 года.</p>",
    "author": 2,
    "slug": "news_04"
  }
},
{
  "model": "mainapp.post",
  "pk": 5,
  "fields": {
    "created_at": "2023-10-15T21:19:06.435Z",
    "updated_at": "2023-10-28T14:47:28.494Z",
    "title": "Поисковик Google предложил тестировщикам опцию генерации изображений",
    "text": "Функция поиска Google SGE (Search Generative Experience) на основе искусственного интеллекта позволит генерировать картинки. Пока она будет доступна только тестировщикам Google Labs.",
    "body": "<p>Функция поиска Google SGE (Search Generative Experience) на основе искусственного интеллекта&nbsp;<a href=\"https://blog.google/products/search/google-search-generative-ai-october-update/\" rel=\"noopener noreferrer nofollow\">позволит</a>&nbsp;генерировать картинки. Пока она будет доступна только тестировщикам Google Labs.</p>\r\n\r\n<p><img src=\"https://habrastorage.org/getpro/habr/upload_files/91f/f74/ca3/91ff74ca31cc99f569628e3679f34444.JPG\" style=\"height:647px; width:100%\" /></p>\r\n\r\n<p>Функция вводит диалоговый режим в поиске и будет работать подобно Bing с поддержкой DALLE-E 3 от OpenAI.&nbsp;</p>\r\n\r\n<p>Благодаря новой функции создания изображений пользователь сможет ввести текстовую подсказку, указав, какой тип изображения он хочет создать (рисунок, фотографию или картину). SGE выведет четыре результата непосредственно в диалоговом окне. Оттуда можно будет загрузить выбранные изображения в виде файлов .png, а также в чате можно будет ввести отредактированный промт для создания нового набора.&nbsp;</p>\r\n\r\n<p>Функция основана на модели преобразования текста в изображение Imagen от Google. Эта же функция также станет доступна при использовании поиска изображений Google. Так, в поиске по картинкам можно будет выбрать нужную фотографию, а потом создать на её основе свою, пользуясь текстовыми подсказками.</p>\r\n\r\n<p><img src=\"https://habrastorage.org/getpro/habr/upload_files/5d3/b79/d46/5d3b79d46b388091908a76213c4c3c02.JPG\" style=\"height:577px; width:100%\" /></p>\r\n\r\n<p>Google ограничит доступность функции для пользователей младше 18 лет, хотя основной функционал SGE уже доступен американским подросткам в возрасте от 13 до 17 лет. Кроме того, компания внедрит фильтры, которые не позволят создавать&nbsp;&laquo;вредные, вводящие в заблуждение&raquo; изображения, а также картинки, нарушающие политику использования генеративного ИИ. Наконец, с помощью SGE нельзя будет создавать фотореалистичные лица и подсказки, в которых упоминаются имена известных людей.</p>\r\n\r\n<p>Изображения также будут содержать метаданные, которые идентифицируют их как созданные искусственным интеллектом, и встроенные водяные знаки, основанные на&nbsp;<a href=\"https://habr.com/ru/news/757758/\" rel=\"noopener noreferrer nofollow\">технологии SynthID</a>.</p>\r\n\r\n<p>Для тестирования инструмента сначала привлекут участников программы Google Search Labs. Её участники будут отправлять отзывы о работе SGE через форму обратной связи.</p>\r\n\r\n<p>Кроме того, новые текстовые функции SGE позволят пользователям создавать черновики, настраивать длину выводимого текста и задавать тон письма. Свои записи можно будет экспортировать в приложения Google Workspace, такие как Gmail или Google Docs, тогда как изображения можно будет сохранять на Google Диске.&nbsp;</p>\r\n\r\n<p><img src=\"https://habrastorage.org/getpro/habr/upload_files/cde/993/9be/cde9939be1787c96d3764d84a794ec17.JPG\" style=\"height:575px; width:100%\" /></p>\r\n\r\n<p>Google&nbsp;<a href=\"https://habr.com/ru/news/737716/\" rel=\"noopener noreferrer nofollow\">начала тестировать</a>&nbsp;поиск на базе генеративного искусственного интеллекта в мае. Доступ к функции могут получить пользователи Search Labs из США. Экспериментальная лаборатория Google Labs&nbsp;<a href=\"https://habr.com/ru/news/734552/\" rel=\"noopener noreferrer nofollow\">запустила</a>&nbsp;специальный портал для участия в тестировании.</p>\r\n\r\n<p>Теги:&nbsp;</p>\r\n\r\n<ul>\r\n\t<li><a href=\"https://habr.com/ru/search/?target_type=posts&amp;order=relevance&amp;q=%5Bgoogle%5D\">google</a></li>\r\n\t<li><a href=\"https://habr.com/ru/search/?target_type=posts&amp;order=relevance&amp;q=%5Bgoogle%20%D0%BF%D0%BE%D0%B8%D1%81%D0%BA%5D\">google поиск</a></li>\r\n\t<li><a href=\"https://habr.com/ru/search/?target_type=posts&amp;order=relevance&amp;q=%5Bgoogle%20%D0%BF%D0%BE%D0%B8%D1%81%D0%BA%D0%BE%D0%B2%D0%B8%D0%BA%5D\">google поисковик</a></li>\r\n\t<li><a href=\"https://habr.com/ru/search/?target_type=posts&amp;order=relevance&amp;q=%5B%D0%B3%D0%B5%D0%BD%D0%B5%D1%80%D0%B0%D1%86%D0%B8%D1%8F%20%D0%B8%D0%B7%D0%BE%D0%B1%D1%80%D0%B0%D0%B6%D0%B5%D0%BD%D0%B8%D0%B9%5D\">генерация изображений</a></li>\r\n\t<li><a href=\"https://habr.com/ru/search/?target_type=posts&amp;order=relevance&amp;q=%5B%D0%B8%D1%81%D0%BA%D1%83%D1%81%D1%81%D1%82%D0%B2%D0%B5%D0%BD%D0%BD%D1%8B%D0%B9%20%D0%B8%D0%BD%D1%82%D0%B5%D0%BB%D0%BB%D0%B5%D0%BA%D1%82%5D\">искусственный интеллект</a></li>\r\n\t<li><a href=\"https://habr.com/ru/search/?target_type=posts&amp;order=relevance&amp;q=%5Bimagen%5D\">imagen</a></li>\r\n\t<li><a href=\"https://habr.com/ru/search/?target_type=posts&amp;order=relevance&amp;q=%5B%D1%82%D0%B5%D1%81%D1%82%D0%B8%D1%80%D0%BE%D0%B2%D0%B0%D0%BD%D0%B8%D0%B5%5D\">тестирование</a></li>\r\n\t<li><a href=\"https://habr.com/ru/search/?target_type=posts&amp;order=relevance&amp;q=%5B%D0%B3%D0%B5%D0%BD%D0%B5%D1%80%D0%B0%D1%86%D0%B8%D1%8F%20%D1%82%D0%B5%D0%BA%D1%81%D1%82%D0%B0%5D\">генерация текста</a></li>\r\n\t<li><a href=\"https://habr.com/ru/search/?target_type=posts&amp;order=relevance&amp;q=%5B%D0%B3%D0%B5%D0%BD%D0%B5%D1%80%D0%B0%D1%82%D0%B8%D0%B2%D0%BD%D1%8B%D0%B9%20%D0%B8%D0%B8%5D\">генеративный ии</a></li>\r\n\t<li><a href=\"https://habr.com/ru/search/?target_type=posts&amp;order=relevance&amp;q=%5B%D0%BF%D0%BE%D0%B8%D1%81%D0%BA%20%D0%BA%D0%B0%D1%80%D1%82%D0%B8%D0%BD%D0%BE%D0%BA%5D\">поиск картинок</a></li>\r\n</ul>",
    "author": 2,
    "slug": "news_05"
  }
},
{
  "model": "mainapp.post",
  "pk": 6,
  "fields": {
    "created_at": "2023-10-19T19:09:18.650Z",
    "updated_at": "2023-10-19T19:09:18.651Z",
    "title": "Урок 1. Яйца. Готовим правильно и со вкусом",
    "text": "Схваченный белок и нежный жидкий желток — вот как должна выглядеть идеальная глазунья. Это блюдо проще делать на антипригарной сковороде. Тогда яйца точно не будут прилипать ко дну.",
    "body": "<ul>\r\n\t<li>Идеальная глазунья с жидким желтком</li>\r\n\t<li>Безупречное яйцо всмятку</li>\r\n</ul>\r\n\r\n<ul>\r\n\t<li>Нежный французский омлет со шнитт-луком</li>\r\n\t<li>Скрэмбл со сливками, поджаренным тостом и пастой из авокадо с фисташками</li>\r\n\t<li>Пышная фриттата со шпинатом, нежным сыром, феерическими лентами из цукини и домашним соусом песто</li>\r\n\t<li>Омлет-книжка с сыром, грибами и свежим шпинатом и ветчиной</li>\r\n\t<li>Томатная шакшука со свежими овощами и охотничьими колбасками</li>\r\n\t<li>Нежный лёгкий салатик с яйцом, огурцом и майонезом на хрустящем тосте</li>\r\n\t<li>Яйцо пашот с голландским соусом, свежей зеленью, ветчиной или лососем на румяной булочке</li>\r\n\t<li>Завтрак по-гречески с яйцом всмятку, киноа, авокадо, жареным халуми и мятным соусом</li>\r\n\t<li>Глазунья с конкассе из томатов с лаймом и базиликом, беконом и салатом романо</li>\r\n\t<li>Глазунья с сочными креветками, свежим шпинатом, грибами, бататом и рисом из цветной капусты</li>\r\n</ul>\r\n\r\n<h3>Ингредиенты</h3>\r\n\r\n<ul>\r\n\t<li>1&ndash;2&nbsp;столовые ложки растительного масла или кусочек сливочного;</li>\r\n\t<li>1&nbsp;или несколько яиц;</li>\r\n\t<li>соль &mdash; по вкусу.</li>\r\n</ul>\r\n\r\n<h3>Приготовление</h3>\r\n\r\n<p>Слегка прогрейте сковородку. Влейте растительное масло или растопите сливочное.</p>\r\n\r\n<p>После этого выключите газ на 30&ndash;40&nbsp;секунд или переставьте ёмкость на холодную конфорку &mdash; благодаря этому посуда не перегреется и яйца прожарятся равномерно. Хотя если вы любите хрустящие края, этот шаг можно пропустить.</p>\r\n\r\n<p>Аккуратно добавьте яйца. Можно разбить их сразу над сковородой или же в небольшую отдельную ёмкость, перелив затем в сковороду.</p>\r\n\r\n<p>Убавьте огонь до минимального. Если готовить яичницу на сильном огне, она может подгореть. А за счёт слабого нагревания яйца будут прожариваться медленно и равномерно, края при этом не пересушатся. Если вам, наоборот, нужна хрустящая корочка, сделайте умеренный или средний огонь.</p>\r\n\r\n<p>Иногда, если яйца не достаточно растеклись, часть белка вокруг желтка остаётся жидковатой. Если вам это не нравится, осторожно разорвите её вилкой, не задевая желток. Делать это нужно, когда побелеет нижняя часть белка.</p>\r\n\r\n<p>Жарить яичницу на медленном огне нужно 4&ndash;5&nbsp;минут. Если температура повыше, потребуется немного меньше времени. Блюдо будет готовым, когда белок побелеет и схватится. Не забывайте, что желток при этом должен остаться жидким.</p>\r\n\r\n<p>Солить яйца лучше в конце приготовления или уже после подачи на стол.</p>",
    "author": 5,
    "slug": "cook_01_lesson_01"
  }
},
{
  "model": "mainapp.post",
  "pk": 7,
  "fields": {
    "created_at": "2023-10-19T19:15:00.540Z",
    "updated_at": "2023-10-19T19:50:17.417Z",
    "title": "Урок 2. Каши. Вкусные и необычные",
    "text": "Ароматная, очень вкусная и сытная. На завтрак или ужин. Пшенная каша с тыквой на молоке - блюдо многим знакомое с самого детства. С приготовлением этой каши справится даже начинающая хозяйка, а результат придется по вкусу всем маленьким привередам.",
    "body": "<ul>\r\n\t<li>Как сделать любую кашу интереснее?</li>\r\n\t<li>Нежная манная каша с ореховым ассорти и вареньем</li>\r\n\t<li>Киноа без молока: с фруктами, ароматной мятой и йогуртом</li>\r\n\t<li>Овсяная каша с жареным бананом и золотистым беконом</li>\r\n\t<li>Рисовая каша с ванилью, кардамоном и жареным персиком</li>\r\n\t<li>&laquo;Райская&raquo; рисовая каша с кокосовой стружкой, манго, маракуйей, семенами чиа и коноплей</li>\r\n\t<li>Пшённая каша с тыквой и жжённым камамбером</li>\r\n\t<li>Домашняя полезная гранола с ягодами и йогуртом</li>\r\n</ul>\r\n\r\n<table align=\"center\">\r\n\t<tbody>\r\n\t\t<tr>\r\n\t\t\t<td colspan=\"3\">Продукты (на 2 порции)</td>\r\n\t\t</tr>\r\n\t\t<tr>\r\n\t\t\t<td colspan=\"3\">Молоко - 500 мл</td>\r\n\t\t</tr>\r\n\t\t<tr>\r\n\t\t\t<td colspan=\"3\">Хлопья овсяные - 30 г (2 ст. ложки)</td>\r\n\t\t</tr>\r\n\t\t<tr>\r\n\t\t\t<td colspan=\"3\">Крупа манная - 50 г (2 ст. ложки)</td>\r\n\t\t</tr>\r\n\t\t<tr>\r\n\t\t\t<td colspan=\"3\">Сахар - 1 ст. ложка</td>\r\n\t\t</tr>\r\n\t\t<tr>\r\n\t\t\t<td colspan=\"3\">Масло сливочное (по желанию) - 15 г</td>\r\n\t\t</tr>\r\n\t</tbody>\r\n</table>\r\n\r\n<h2>Пошаговое приготовление</h2>\r\n\r\n<p>Время приготовления: <strong>50 мин </strong></p>\r\n\r\n<ol>\r\n\t<li>\r\n\t<h4>Шаг 1:</h4>\r\n\t<a href=\"https://static.1000.menu/img/content-v2/b5/c4/66907/pshennaya-kasha-s-tykvoi-na-moloke_1659607031_0_max.jpg\" title=\"Шаг 1. Как сварить пшенную кашу с тыквой на молоке? Очень просто! Для приготовления подготовьте необходимые ингредиенты. \r\nВ зависимости от сорта кусочки тыквы разварятся сильнее или слабее.\r\nКоличество сахара при желании можете уменьшить, ориентируйтесь на свои вкусовые предпочтения.\"><img alt=\"Шаг 1.\" src=\"https://static.1000.menu/res/380/img/content-v2/b5/c4/66907/pshennaya-kasha-s-tykvoi-na-moloke_1659607031_0_max.jpg\" /></a>\r\n\r\n\t<p>Как сварить пшенную кашу с тыквой на молоке? Очень просто! Для приготовления подготовьте необходимые ингредиенты. В зависимости от сорта кусочки тыквы разварятся сильнее или слабее. Количество сахара при желании можете уменьшить, ориентируйтесь на свои вкусовые предпочтения.</p>\r\n\t</li>\r\n\t<li>\r\n\t<h4>Шаг 2:</h4>\r\n\t<a href=\"https://static.1000.menu/img/content-v2/b5/c4/66907/pshennaya-kasha-s-tykvoi-na-moloke_1659607066_1_max.jpg\" title=\"Шаг 2. Пшено переберите и хорошенько промойте, пока вода не станет совсем прозрачной. Затем воду слейте, а крупу обсушите. \r\nМожете залить пшено кипятком и оставить на 2-3 минуты, чтобы убрать горечь.\r\nО тонкостях выбора пшенной крупы и не только, читайте в отдельной статье в конце этого рецепта.\"><img alt=\"Шаг 2.\" src=\"https://static.1000.menu/res/380/img/content-v2/b5/c4/66907/pshennaya-kasha-s-tykvoi-na-moloke_1659607066_1_max.jpg\" /></a>\r\n\r\n\t<p>Пшено переберите и хорошенько промойте, пока вода не станет совсем прозрачной. Затем воду слейте, а крупу обсушите. Можете залить пшено кипятком и оставить на 2-3 минуты, чтобы убрать горечь. О тонкостях выбора пшенной крупы и не только, читайте в отдельной статье в конце этого рецепта.</p>\r\n\t</li>\r\n\t<li>\r\n\t<h4>Шаг 3:</h4>\r\n\t<a href=\"https://static.1000.menu/img/content-v2/b5/c4/66907/pshennaya-kasha-s-tykvoi-na-moloke_1659607090_2_max.jpg\" title=\"Шаг 3. Тыкву очистите от кожуры и семян и нарежьте небольшими кусочками. Так она быстрее приготовится. Учтите, что точное время зависит от сорта тыквы.\"><img alt=\"Шаг 3.\" src=\"https://static.1000.menu/res/380/img/content-v2/b5/c4/66907/pshennaya-kasha-s-tykvoi-na-moloke_1659607090_2_max.jpg\" /></a>\r\n\r\n\t<p>Тыкву очистите от кожуры и семян и нарежьте небольшими кусочками. Так она быстрее приготовится. Учтите, что точное время зависит от сорта тыквы.</p>\r\n\t</li>\r\n\t<li>\r\n\t<h4>Шаг 4:</h4>\r\n\t<a href=\"https://static.1000.menu/img/content-v2/b5/c4/66907/pshennaya-kasha-s-tykvoi-na-moloke_1659607114_3_max.jpg\" title=\"Шаг 4. В кастрюлю с толстым дном выложите тыкву. Влейте 50 мл воды. Это нужно, чтобы тыква при тушении не пригорела. Потушите на среднем огне 5 минут.\r\nВыбрать кастрюлю для варки вам поможет статья в конце этого рецепта.\"><img alt=\"Шаг 4.\" src=\"https://static.1000.menu/res/380/img/content-v2/b5/c4/66907/pshennaya-kasha-s-tykvoi-na-moloke_1659607114_3_max.jpg\" /></a>\r\n\r\n\t<p>В кастрюлю с толстым дном выложите тыкву. Влейте 50 мл воды. Это нужно, чтобы тыква при тушении не пригорела. Потушите на среднем огне 5 минут. Выбрать кастрюлю для варки вам поможет статья в конце этого рецепта.</p>\r\n\t</li>\r\n\t<li>\r\n\t<h4>Шаг 5:</h4>\r\n\t<a href=\"https://static.1000.menu/img/content-v2/b5/c4/66907/pshennaya-kasha-s-tykvoi-na-moloke_1659607133_4_max.jpg\" title=\"Шаг 5. Всыпьте к тыкве промытое пшено и перемешайте.  Варите, периодически помешивая, примерно 10 минут.\"><img alt=\"Шаг 5.\" src=\"https://static.1000.menu/res/380/img/content-v2/b5/c4/66907/pshennaya-kasha-s-tykvoi-na-moloke_1659607133_4_max.jpg\" /></a>\r\n\r\n\t<p>Всыпьте к тыкве промытое пшено и перемешайте. Варите, периодически помешивая, примерно 10 минут.</p>\r\n\t</li>\r\n\t<li>\r\n\t<h4>Шаг 6:</h4>\r\n\t<a href=\"https://static.1000.menu/img/content-v2/b5/c4/66907/pshennaya-kasha-s-tykvoi-na-moloke_1659607160_5_max.jpg\" title=\"Шаг 6. Влейте в кастрюлю молоко. Всыпьте сахар, соль и перемешайте.\r\nПо желанию можете всыпать щепотку ванилина. Или заменить 1 ст. л. обычного сахара на такое же количество ванильного сахара.\"><img alt=\"Шаг 6.\" src=\"https://static.1000.menu/res/380/img/content-v2/b5/c4/66907/pshennaya-kasha-s-tykvoi-na-moloke_1659607160_5_max.jpg\" /></a>\r\n\r\n\t<p>Влейте в кастрюлю молоко. Всыпьте сахар, соль и перемешайте. По желанию можете всыпать щепотку ванилина. Или заменить 1 ст. л. обычного сахара на такое же количество ванильного сахара.</p>\r\n\t</li>\r\n\t<li>\r\n\t<h4>Шаг 7:</h4>\r\n\t<a href=\"https://static.1000.menu/img/content-v2/b5/c4/66907/pshennaya-kasha-s-tykvoi-na-moloke_1659607184_6_max.jpg\" title=\"Шаг 7. Доведите молоко до кипения и варите кашу на медленном огне  еще примерно 5-7 минут или чуть дольше до готовности пшена и мягкости тыквы. Если каша слишком густая, добавьте в нее еще немного молока.\"><img alt=\"Шаг 7.\" src=\"https://static.1000.menu/res/380/img/content-v2/b5/c4/66907/pshennaya-kasha-s-tykvoi-na-moloke_1659607184_6_max.jpg\" /></a>\r\n\r\n\t<p>Доведите молоко до кипения и варите кашу на медленном огне еще примерно 5-7 минут или чуть дольше до готовности пшена и мягкости тыквы. Если каша слишком густая, добавьте в нее еще немного молока.</p>\r\n\t</li>\r\n\t<li>\r\n\t<h4>Шаг 8:</h4>\r\n\t<a href=\"https://static.1000.menu/img/content-v2/b5/c4/66907/pshennaya-kasha-s-tykvoi-na-moloke_1659607208_7_max.jpg\" title=\"Шаг 8. Уберите кастрюлю с огня, накройте крышкой и дайте каше настояться еще 10 минут. За это время вся оставшаяся влага впитается в крупу, придавая крупе мягкость.\"><img alt=\"Шаг 8.\" src=\"https://static.1000.menu/res/380/img/content-v2/b5/c4/66907/pshennaya-kasha-s-tykvoi-na-moloke_1659607208_7_max.jpg\" /></a>\r\n\r\n\t<p>Уберите кастрюлю с огня, накройте крышкой и дайте каше настояться еще 10 минут. За это время вся оставшаяся влага впитается в крупу, придавая крупе мягкость.</p>\r\n\t</li>\r\n\t<li>\r\n\t<h4>Шаг 9:</h4>\r\n\t<a href=\"https://static.1000.menu/img/content-v2/b5/c4/66907/pshennaya-kasha-s-tykvoi-na-moloke_1659634618_0_max.jpg\" title=\"Шаг 9. Готовую пшенную кашу с тыквой разложите по тарелкам, добавив кусочек сливочного масла. Подавайте горячей. Можно  добавить к каше мед, орехи или сухофрукты.\r\nПриятного аппетита!\"><img alt=\"Шаг 9.\" src=\"https://static.1000.menu/res/380/img/content-v2/b5/c4/66907/pshennaya-kasha-s-tykvoi-na-moloke_1659634618_0_max.jpg\" /></a>\r\n\r\n\t<p>Готовую пшенную кашу с тыквой разложите по тарелкам, добавив кусочек сливочного масла. Подавайте горячей. Можно добавить к каше мед, орехи или сухофрукты. Приятного аппетита!</p>\r\n\t</li>\r\n</ol>\r\n\r\n<p>Чтобы пшенная каша получилась вкусной, читайте статью <a href=\"https://1000.menu/table/53462-pshennaya-krupa-tonkosti-vybora-i-sekrety-prigotovleniya\">о тонкостях выбора и секретах приготовления пшенной крупы.</a></p>\r\n\r\n<p>Как выбрать идеальную кастрюлю для супа, каши или засолки огурцов <a href=\"https://1000.menu/table/57302-idealnaya-kastrulya-kakaya-ona\">читайте в статье о кастрюлях.</a></p>\r\n\r\n<p>Вместо сахара можно использовать сахарозаменитель, который не боится термической обработки.</p>\r\n\r\n<p>Если Вы придерживаетесь диеты или поста, такую кашу можно готовить на воде, без добавления масла.&nbsp;</p>",
    "author": 5,
    "slug": "cook_01_lesson_02"
  }
},
{
  "model": "mainapp.post",
  "pk": 8,
  "fields": {
    "created_at": "2023-10-19T19:21:21.625Z",
    "updated_at": "2023-10-19T19:21:21.625Z",
    "title": "Урок 3. Блинчики и оладушки от бабушки",
    "text": "И дети, и взрослые любят пышные оладьи. А если они приготовлены по рецепту, как в детстве готовила бабушка, то это самые вкусные оладьи! Ничего сложного в их приготовлении нет, используются самые обычные ингредиенты. Чтобы порадовать семью вкусным завтраком, достаточно знать пару секретов приготовления оладий.",
    "body": "<p>Пошаговый фото рецептОладушки как у бабушки</p>\r\n\r\n<p><a name=\"stepbystep\"></a></p>\r\n\r\n<p><a href=\"https://img1.russianfood.com/dycontent/images_upl/40/big_39791.jpg\" target=\"_blank\"><img alt=\"Фото приготовления рецепта: Оладушки как у бабушки - шаг №1\" src=\"https://img1.russianfood.com/dycontent/images_upl/40/sm_39791.jpg\" title=\"Фото приготовления рецепта: Оладушки как у бабушки - шаг №1\" /></a></p>\r\n\r\n<p>Продукты для оладушек на кефире перед вами.</p>\r\n\r\n<p><a href=\"https://img1.russianfood.com/dycontent/images_upl/40/big_39792.jpg\" target=\"_blank\"><img alt=\"Фото приготовления рецепта: Оладушки как у бабушки - шаг №2\" src=\"https://img1.russianfood.com/dycontent/images_upl/40/sm_39792.jpg\" title=\"Фото приготовления рецепта: Оладушки как у бабушки - шаг №2\" /></a></p>\r\n\r\n<p>Как приготовить оладушки на кефире:<br />\r\n<br />\r\nМуку просеять. Смешать муку, соду (можно загасить уксусом), ванильный сахар и сахар.</p>\r\n\r\n<p><a href=\"https://img1.russianfood.com/dycontent/images_upl/40/big_39793.jpg\" target=\"_blank\"><img alt=\"Фото приготовления рецепта: Оладушки как у бабушки - шаг №3\" src=\"https://img1.russianfood.com/dycontent/images_upl/40/sm_39793.jpg\" title=\"Фото приготовления рецепта: Оладушки как у бабушки - шаг №3\" /></a></p>\r\n\r\n<p>Добавить туда яйца и кефир, взбить венчиком тесто. Тесто будет как густая сметана.</p>\r\n\r\n<p><a href=\"https://img1.russianfood.com/dycontent/images_upl/40/big_39794.jpg\" target=\"_blank\"><img alt=\"Фото приготовления рецепта: Оладушки как у бабушки - шаг №4\" src=\"https://img1.russianfood.com/dycontent/images_upl/40/sm_39794.jpg\" title=\"Фото приготовления рецепта: Оладушки как у бабушки - шаг №4\" /></a></p>\r\n\r\n<p>Разогреть сковороду. Налить немного растительного масла. Выложить оладушки столовой ложкой. Выпекать оладушки на кефире на среднем огне до золотистого цвета 1-2 минуты, с двух сторон. Масло доливать по мере необходимости.</p>\r\n\r\n<p><a href=\"https://img1.russianfood.com/dycontent/images_upl/40/big_39795.jpg\" target=\"_blank\"><img alt=\"Фото приготовления рецепта: Оладушки как у бабушки - шаг №5\" src=\"https://img1.russianfood.com/dycontent/images_upl/40/sm_39795.jpg\" title=\"Фото приготовления рецепта: Оладушки как у бабушки - шаг №5\" /></a></p>\r\n\r\n<p>Оладушки как у бабушки готовы.</p>\r\n\r\n<p><a href=\"https://img1.russianfood.com/dycontent/images_upl/40/big_39796.jpg\" target=\"_blank\"><img alt=\"Фото приготовления рецепта: Оладушки как у бабушки - шаг №6\" src=\"https://img1.russianfood.com/dycontent/images_upl/40/sm_39796.jpg\" title=\"Фото приготовления рецепта: Оладушки как у бабушки - шаг №6\" /></a></p>\r\n\r\n<p>Подавать оладушки на кефире теплыми со сметаной, вареньем или сгущенкой.<br />\r\nПриятного аппетита!</p>\r\n\r\n<p>&nbsp;</p>",
    "author": 5,
    "slug": "cook_01_lesson_03"
  }
},
{
  "model": "mainapp.post",
  "pk": 9,
  "fields": {
    "created_at": "2023-10-19T19:39:51.685Z",
    "updated_at": "2023-10-19T19:39:51.685Z",
    "title": "Урок 4. Драники, овощные оладьи",
    "text": "Очень простое и очень вкусное блюдо, балдею от него с детства, еще бы соус к нему грибной - м-м-м... Но и со сметаной уплетал картофельные оладьи за обе щеки))",
    "body": "<p>Пошаговый фото рецептКартофельные оладьи с грибами и луком</p>\r\n\r\n<p><a name=\"stepbystep\"></a></p>\r\n\r\n<p><a href=\"https://img1.russianfood.com/dycontent/images_upl/19/big_18816.jpg\" target=\"_blank\"><img alt=\"Фото приготовления рецепта: Картофельные оладьи с грибами и луком - шаг №1\" src=\"https://img1.russianfood.com/dycontent/images_upl/19/sm_18816.jpg\" title=\"Фото приготовления рецепта: Картофельные оладьи с грибами и луком - шаг №1\" /></a></p>\r\n\r\n<p>Как приготовить картофельные оладьи:<br />\r\nПервым делом обжариваем грибы, выпариваем жидкость, солим. Одновременно закидываем вариться кастрюльку с картошкой (в мундире или без - пофик)).</p>\r\n\r\n<p><a href=\"https://img1.russianfood.com/dycontent/images_upl/19/big_18809.jpg\" target=\"_blank\"><img alt=\"Фото приготовления рецепта: Картофельные оладьи с грибами и луком - шаг №2\" src=\"https://img1.russianfood.com/dycontent/images_upl/19/sm_18809.jpg\" title=\"Фото приготовления рецепта: Картофельные оладьи с грибами и луком - шаг №2\" /></a></p>\r\n\r\n<p>Потом добавляем лук.</p>\r\n\r\n<p><a href=\"https://img1.russianfood.com/dycontent/images_upl/19/big_18810.jpg\" target=\"_blank\"><img alt=\"Фото приготовления рецепта: Картофельные оладьи с грибами и луком - шаг №3\" src=\"https://img1.russianfood.com/dycontent/images_upl/19/sm_18810.jpg\" title=\"Фото приготовления рецепта: Картофельные оладьи с грибами и луком - шаг №3\" /></a></p>\r\n\r\n<p>И я еще добавил несколько ложек сметаны и потушил чутка.<br />\r\n<br />\r\nКартошку очистил от шкурки (делал в мундире, поленился чистить сперва :))</p>\r\n\r\n<p><a href=\"https://img1.russianfood.com/dycontent/images_upl/19/big_18811.jpg\" target=\"_blank\"><img alt=\"Фото приготовления рецепта: Картофельные оладьи с грибами и луком - шаг №4\" src=\"https://img1.russianfood.com/dycontent/images_upl/19/sm_18811.jpg\" title=\"Фото приготовления рецепта: Картофельные оладьи с грибами и луком - шаг №4\" /></a></p>\r\n\r\n<p>Затем с помощью мясорубки (и какой-то матери)) превращаем все это вот в такую массу.<br />\r\nВ нее - пару яиц, специи. Можно, наверное, и зелени (я не стал).</p>\r\n\r\n<p><a href=\"https://img1.russianfood.com/dycontent/images_upl/19/big_18813.jpg\" target=\"_blank\"><img alt=\"Фото приготовления рецепта: Картофельные оладьи с грибами и луком - шаг №5\" src=\"https://img1.russianfood.com/dycontent/images_upl/19/sm_18813.jpg\" title=\"Фото приготовления рецепта: Картофельные оладьи с грибами и луком - шаг №5\" /></a></p>\r\n\r\n<p>Дальше все просто - обваливаем в муке и жарим картофельные оладьи на масле до золотых корочек. Это пациенты первого созыва :)</p>\r\n\r\n<p><a href=\"https://img1.russianfood.com/dycontent/images_upl/19/big_18814.jpg\" target=\"_blank\"><img alt=\"Фото приготовления рецепта: Картофельные оладьи с грибами и луком - шаг №6\" src=\"https://img1.russianfood.com/dycontent/images_upl/19/sm_18814.jpg\" title=\"Фото приготовления рецепта: Картофельные оладьи с грибами и луком - шаг №6\" /></a></p>\r\n\r\n<p>А дальше, готовил картофельные оладьи вот таким конвейером - уплетал со сметаной оладьи и обжаривал следующие партейки.<br />\r\n<br />\r\nЭто я удачно приготовил. Объелся, еще и осталось))</p>\r\n\r\n<p><a href=\"https://img1.russianfood.com/dycontent/images_upl/19/big_18815.jpg\" target=\"_blank\"><img alt=\"Фото приготовления рецепта: Картофельные оладьи с грибами и луком - шаг №7\" src=\"https://img1.russianfood.com/dycontent/images_upl/19/sm_18815.jpg\" title=\"Фото приготовления рецепта: Картофельные оладьи с грибами и луком - шаг №7\" /></a></p>\r\n\r\n<p>Верхний случайно такой симпатяга вышел))</p>\r\n\r\n<p>&nbsp;</p>",
    "author": 5,
    "slug": "cook_01_lesson_04"
  }
},
{
  "model": "mainapp.post",
  "pk": 10,
  "fields": {
    "created_at": "2023-10-19T19:59:15.845Z",
    "updated_at": "2023-10-19T20:06:51.660Z",
    "title": "Урок 1. Введение в мир макияжа",
    "text": "На первом занятии мы разберем косметичку и выясним, что там обязательно должно быть. Обговорим, какой тон считается идеальным и что нужно для сияющей кожи. Научимся выполнять коррекцию формы лица, выполним nude макияж. Научимся разбираться в косметике, делать скульптурирование лица, ровный тон и сияющую кожу, а также ежедневный макияж без макияжа.",
    "body": "<p>Никто не может отрицать значения внешней красоты человека в достижении жизненного успеха, а особенно женщины. Руководствуясь рекомендациями визажистов, каждая женщина может научиться с помощью макияжа придавать своему лицу выразительность и скрыть мелкие недостатки.</p>\r\n\r\n<p>&laquo;Косметика&raquo; в переводе с греческого Kosmetice &mdash; искусство украшать.</p>\r\n\r\n<p>Косметика подразделяется на два вида:</p>\r\n\r\n<p>&mdash; лечебная (врачебная)</p>\r\n\r\n<p>&mdash; декоративная (для украшения человека)</p>\r\n\r\n<p>Кто пользуется косметикой? Правильно, женщины и не только (показываются фрагменты фильмов: &laquo;Служебный роман&raquo; и &laquo;Тутси&raquo;).</p>\r\n\r\n<p>Статистика показывает, что молодые девушки все активнее пользуются косметикой. Девочки среднего школьного возраста прибегают к декоративной косметике, используя косметику своих мам и старших сестер. Но уже девушки-подростки предпочитают серии косметической и декоративной продукции, предназначенные специально для молодежи.</p>\r\n\r\n<p>Желание украсить свою внешность было присуще людям разных эпох, оно сочеталось со стремлением к чистоте тела и лица. В пещерах ледникового периода археологами были найдены карандаши губной помады, палочки для окрашивания глаз и бровей. Жиром животных натирали тело, предохраняя кожу от холода и жары.</p>\r\n\r\n<p>Косметика в Древней Греции и Риме была обязательным дополнением костюма. Египтяне умело применяли краски, ароматические средства не только для приукрашивания своей внешности, но и в лечебных целях. Знали секреты приготовления ярких светящихся красок, которые получали из раковин или морских моллюсков.</p>\r\n\r\n<p>Римские женщины натирали спину, руки и груди меловым порошком, смешанным со свинцовыми белилами, для придания коже белизны. Румянец на щеках наводили при помощи винных дрожжей и охры. Глаза и брови подводили грифелями из сажи.</p>\r\n\r\n<p>А как же на Руси украшали свою внешность?</p>\r\n\r\n<p>(Показывается фрагмент фильма &laquo;Коса-русская краса&raquo;).</p>\r\n\r\n<p>Со сменой эпох менялись эстетические идеалы. То, что в одно время считалось прекрасным, в другое было примитивным, а иногда даже безобразным.</p>\r\n\r\n<p><u>Преподаватель:</u></p>\r\n\r\n<p>&mdash; Вам было дано задание найти в русской и советской литературе, как описывали русских красавиц или как применяли макияж для деловых встреч.</p>\r\n\r\n<p><u>Заслушиваются выступления обучающихся</u>:</p>\r\n\r\n<p>1. Дарья Донцова &laquo;Контрольный поцелуй&raquo;: <em>&laquo;&hellip;Представилась владелицей агентства &laquo;Моделук&raquo; из Парижа, и теперь необходимо принять соответствующий вид. Для начала надела короткое черное платье с темно-желтым пиджаком. Волосы зализала щеткой и покрыла лицо светлой пудрой. Немного румян, губной помады и туши. Все известные мне дамы из мира моды, кроме манекенщиц, конечно, практически не пользуются ярким макияжем. Только спокойные светло-коричневые тона&raquo;.</em></p>\r\n\r\n<p>2. &hellip;&hellip;&hellip;&hellip;</p>\r\n\r\n<p><u>А что же входит в состав косметических средств?</u></p>\r\n\r\n<p>1) жиры,</p>\r\n\r\n<p>2) растительные масла</p>\r\n\r\n<p><img src=\"https://img.vseuchi.ru/20/2/235068-ug3v.jpeg\" style=\"height:99px; width:120px\" /></p>\r\n\r\n<p>3) вазелин</p>\r\n\r\n<p>4) воски</p>\r\n\r\n<p>5) отдушки</p>\r\n\r\n<p>6) этиловый спирт С2Н5ОН</p>\r\n\r\n<p>7) дистиллированная вода Н2О</p>\r\n\r\n<p><img alt=\"8)\" src=\"https://vseuchi.ru/wp-content/themes/root/images/smilies/cool.png\" /> лекарственные растения</p>\r\n\r\n<p>9) минеральные красители, консерванты</p>\r\n\r\n<p><u>Сообщение обучающейся &mdash; Это интересно:</u></p>\r\n\r\n<p>По форме губной помады можно точно определить твой характер.</p>\r\n\r\n<table cellpadding=\"7\" cellspacing=\"0\" style=\"width:640px\">\r\n\t<tbody>\r\n\t\t<tr>\r\n\t\t\t<td>\r\n\t\t\t<p><img src=\"https://img.vseuchi.ru/20/2/235068-ug3v_2.jpeg\" style=\"height:95px; width:34px\" /></p>\r\n\t\t\t</td>\r\n\t\t\t<td>\r\n\t\t\t<p>Ты всегда следуешь правилам приличия, опрятна и любишь постоянство. По характеру ты довольно скрытный человек и не любишь привлекать к себе внимание</p>\r\n\t\t\t</td>\r\n\t\t</tr>\r\n\t\t<tr>\r\n\t\t\t<td>\r\n\t\t\t<p><img src=\"https://img.vseuchi.ru/20/2/235068-ug3v_3.jpeg\" style=\"height:95px; width:31px\" /></p>\r\n\t\t\t</td>\r\n\t\t\t<td>\r\n\t\t\t<p>Ты легка на подъём и энергична. А твоё главное человеческое качество заключается в том, что ты &ndash; надежный товарищ.</p>\r\n\t\t\t</td>\r\n\t\t</tr>\r\n\t\t<tr>\r\n\t\t\t<td>\r\n\t\t\t<p><img src=\"https://img.vseuchi.ru/20/2/235068-ug3v_4.jpeg\" style=\"height:96px; width:39px\" /></p>\r\n\t\t\t</td>\r\n\t\t\t<td>\r\n\t\t\t<p>Ты &ndash; творческая&nbsp; и восторженная личность, любишь внимание окружающих и для всех являешься лучшим другом.</p>\r\n\t\t\t</td>\r\n\t\t</tr>\r\n\t\t<tr>\r\n\t\t\t<td>\r\n\t\t\t<p><img src=\"https://img.vseuchi.ru/20/2/235068-ug3v_5.jpeg\" style=\"height:91px; width:32px\" /></p>\r\n\t\t\t</td>\r\n\t\t\t<td>\r\n\t\t\t<p>Ты чрезвычайно высокого мнения о себе, большая спорщица, ненавидишь подчиняться, но очень расточительна и обожаешь привлекать к себе внимание.</p>\r\n\t\t\t</td>\r\n\t\t</tr>\r\n\t\t<tr>\r\n\t\t\t<td>\r\n\t\t\t<p><img src=\"https://img.vseuchi.ru/20/2/235068-ug3v_6.jpeg\" style=\"height:88px; width:34px\" /></p>\r\n\t\t\t</td>\r\n\t\t\t<td>\r\n\t\t\t<p>Правдивая и прямая, ты очень заботишься о своей внешности. Несмотря на некоторую консервативность, ты можешь похвастаться сообразительностью. Иногда можешь вести себя несколько вызывающе.</p>\r\n\t\t\t</td>\r\n\t\t</tr>\r\n\t</tbody>\r\n</table>\r\n\r\n<p>&nbsp;</p>\r\n\r\n<p>Специалисты подсчитали: женщины могут &laquo;съедать&raquo; до 15 тюбиков помады за год. И хотя помада &ndash; не колбаса, тем не менее, ею можно отравиться.</p>\r\n\r\n<p><u>Преподаватель:</u></p>\r\n\r\n<p>Вопрос: Как можно определить &laquo;возраст&raquo; помады по внешним признакам?</p>\r\n\r\n<p><u>Возможные варианты ответов и комментарии преподавателя:</u></p>\r\n\r\n<p>Потеря запаха / появляется неприятный запах прогорклости /, скатывание на губах, появляются уплотнения в массе типа манной крупы, помада меняет свой первоначальный цвет, на ней образуются темные пятна.</p>\r\n\r\n<p>Все выше сказанное относится и к помадам сомнительного производства, которые завозятся в Россию в огромных количествах.</p>\r\n\r\n<p>В начале занятия мы вспомнили, какие различают типы кожи. Что еще необходимо знать перед началом нанесения макияжа? У вас на столах лежат буклеты &laquo;Как правильно нанести макияж&raquo; ознакомьтесь с ним.</p>\r\n\r\n<p><u>Преподаватель:</u></p>\r\n\r\n<p>Какие виды макияжа вы знаете?</p>\r\n\r\n<p>&nbsp;</p>\r\n\r\n<table cellpadding=\"7\" cellspacing=\"0\" style=\"width:631px\">\r\n\t<tbody>\r\n\t\t<tr>\r\n\t\t\t<td>\r\n\t\t\t<p>Дневной простой</p>\r\n\t\t\t</td>\r\n\t\t\t<td>\r\n\t\t\t<p><img src=\"https://img.vseuchi.ru/20/2/235068-ug3v_7.jpeg\" style=\"height:190px; width:194px\" /></p>\r\n\t\t\t</td>\r\n\t\t</tr>\r\n\t\t<tr>\r\n\t\t\t<td>\r\n\t\t\t<p>Вечерний простой</p>\r\n\t\t\t</td>\r\n\t\t\t<td>\r\n\t\t\t<p><img src=\"https://img.vseuchi.ru/20/2/235068-ug3v_7.jpeg\" style=\"height:190px; width:196px\" /></p>\r\n\t\t\t</td>\r\n\t\t</tr>\r\n\t\t<tr>\r\n\t\t\t<td>\r\n\t\t\t<p>Дневной сложный</p>\r\n\t\t\t</td>\r\n\t\t\t<td>\r\n\t\t\t<p><img src=\"https://img.vseuchi.ru/20/2/235068-ug3v_8.jpeg\" style=\"height:196px; width:190px\" /></p>\r\n\t\t\t</td>\r\n\t\t</tr>\r\n\t\t<tr>\r\n\t\t\t<td>\r\n\t\t\t<p>Вечерний сложный</p>\r\n\t\t\t</td>\r\n\t\t\t<td>\r\n\t\t\t<p><img src=\"https://img.vseuchi.ru/20/2/235068-ug3v_8.jpeg\" style=\"height:196px; width:194px\" /></p>\r\n\t\t\t</td>\r\n\t\t</tr>\r\n\t\t<tr>\r\n\t\t\t<td>\r\n\t\t\t<p>Макияж для дискотеки</p>\r\n\t\t\t</td>\r\n\t\t\t<td>\r\n\t\t\t<p><img src=\"https://img.vseuchi.ru/20/2/235068-ug3v_9.jpeg\" style=\"height:276px; width:186px\" /></p>\r\n\t\t\t</td>\r\n\t\t</tr>\r\n\t\t<tr>\r\n\t\t\t<td>\r\n\t\t\t<p>Театральный макияж</p>\r\n\t\t\t</td>\r\n\t\t\t<td>\r\n\t\t\t<p><img src=\"https://img.vseuchi.ru/20/2/235068-ug3v_10.jpeg\" style=\"height:244px; width:291px\" /></p>\r\n\t\t\t</td>\r\n\t\t</tr>\r\n\t</tbody>\r\n</table>\r\n\r\n<p>&nbsp;</p>\r\n\r\n<p><u>Выступления обучающихся с подготовленными выступлениями</u> (домашняя самостоятельная работа) на тему: &laquo;Уход за лицом перед нанесением макияжа&raquo;.</p>\r\n\r\n<p>&nbsp;</p>\r\n\r\n<p><strong>4. Практическая работа</strong></p>\r\n\r\n<p>Перед обучающимися проблемная задача: расположить последовательно фрагменты этапов нанесения макияжа (карточки).</p>\r\n\r\n<p>&nbsp;</p>\r\n\r\n<p><strong>Фрагменты нанесения макияжа </strong>(карточки)</p>\r\n\r\n<p>&nbsp;</p>\r\n\r\n<table cellpadding=\"7\" cellspacing=\"0\" style=\"width:638px\">\r\n\t<tbody>\r\n\t\t<tr>\r\n\t\t\t<td>\r\n\t\t\t<p><img src=\"https://img.vseuchi.ru/20/2/235068-ug3v_11.jpeg\" style=\"height:115px; width:235px\" /></p>\r\n\t\t\t</td>\r\n\t\t\t<td>\r\n\t\t\t<p>&nbsp;</p>\r\n\r\n\t\t\t<p><img src=\"https://img.vseuchi.ru/20/2/235068-ug3v_12.jpeg\" style=\"height:92px; width:188px\" /></p>\r\n\t\t\t</td>\r\n\t\t\t<td>\r\n\t\t\t<p><img src=\"https://img.vseuchi.ru/20/2/235068-ug3v_13.jpeg\" style=\"height:113px; width:206px\" /></p>\r\n\t\t\t</td>\r\n\t\t</tr>\r\n\t\t<tr>\r\n\t\t\t<td>\r\n\t\t\t<p><img src=\"https://img.vseuchi.ru/20/2/235068-ug3v_14.jpeg\" style=\"height:189px; width:170px\" /></p>\r\n\t\t\t</td>\r\n\t\t\t<td>\r\n\t\t\t<p><img src=\"https://img.vseuchi.ru/20/2/235068-ug3v_15.jpeg\" style=\"height:189px; width:172px\" /></p>\r\n\t\t\t</td>\r\n\t\t\t<td>\r\n\t\t\t<p><img src=\"https://img.vseuchi.ru/20/2/235068-ug3v_16.jpeg\" style=\"height:189px; width:134px\" /></p>\r\n\t\t\t</td>\r\n\t\t</tr>\r\n\t\t<tr>\r\n\t\t\t<td>\r\n\t\t\t<p><img src=\"https://img.vseuchi.ru/20/2/235068-ug3v_17.jpeg\" style=\"height:232px; width:189px\" /></p>\r\n\t\t\t</td>\r\n\t\t\t<td>\r\n\t\t\t<p><img src=\"https://img.vseuchi.ru/20/2/235068-ug3v_18.jpeg\" style=\"height:195px; width:189px\" /></p>\r\n\t\t\t</td>\r\n\t\t\t<td>\r\n\t\t\t<p><img src=\"https://img.vseuchi.ru/20/2/235068-ug3v_19.jpeg\" style=\"height:219px; width:170px\" /></p>\r\n\t\t\t</td>\r\n\t\t</tr>\r\n\t</tbody>\r\n</table>\r\n\r\n<p><u>Преподаватель:</u></p>\r\n\r\n<p>Полученные теоретические знания вы должны применить, выполняя дневной или деловой макияж на клиенте, с учетом разработанного вами образа.</p>",
    "author": 6,
    "slug": "kras_01_lesson_01"
  }
},
{
  "model": "mainapp.post",
  "pk": 11,
  "fields": {
    "created_at": "2023-10-19T20:06:25.488Z",
    "updated_at": "2023-10-19T20:06:25.488Z",
    "title": "Урок 2. Проблемная кожа",
    "text": "Проблемная кожа – определение, используемое в отношении кожи, склонной к излишней сухости или сальности, появлению прыщей, сосудистых дефектов, пигментации и других косметических недостатков. Признаками проблемной кожи служат нездоровый цвет, участки покраснений, неровная бугристая поверхность, расширенные поры, угревые высыпания, комедоны и т. д. С подобными явлениями часто сталкиваются подростки и лица, страдающие заболеваниями эндокринной и пищеварительной системы. Для решения тех или иных проблем кожи необходима консультация дерматолога, гастроэнтеролога, эндокринолога, комплексное медицинское обследование, устранение выявленных эндогенных нарушений, организация правильного ухода за кожей.",
    "body": "<h2>Общие сведения</h2>\r\n\r\n<p>Кожа, состояние которой не отличается свежестью и здоровьем, на которой имеются угревые высыпания, сосудистые или пигментные пятна, <a href=\"https://www.krasotaimedicina.ru/diseases/zabolevanija_cosmetology/scar\">рубцы</a>, шрамы, называют проблемной. Такие неприятности с кожей могут случиться у любого человека. Даже идеальная кожа с возрастом претерпевает изменения, вызванные гормональными перестройками организма. Стрессы и другие неблагоприятные факторы могут повлиять на состояние кожи и вызвать ряд перечисленных косметических дефектов. По своему типу проблемная кожа может быть жирной, сухой, комбинированной, а по хронологическому возрасту &ndash; молодой, зрелой или увядающей. Проблемная кожа &ndash; наиболее частая жалоба, приводящая человека в кабинет дерматокосметолога.</p>\r\n\r\n<p><a name=\"h2_1\"></a></p>\r\n\r\n<h2>Внешние проявления проблемной кожи</h2>\r\n\r\n<table border=\"0\" cellpadding=\"1\" cellspacing=\"1\" style=\"width:600px\">\r\n\t<tbody>\r\n\t\t<tr>\r\n\t\t\t<td>\r\n\t\t\t<ul>\r\n\t\t\t\t<li><a href=\"https://www.krasotaimedicina.ru/diseases/zabolevanija_cosmetology/prishi\">прыщи</a>, <a href=\"https://www.krasotaimedicina.ru/diseases/zabolevanija_dermatologia/ugri\">угри</a></li>\r\n\t\t\t\t<li><a href=\"https://www.krasotaimedicina.ru/diseases/zabolevanija_dermatologia/furunculosis\">фурункулезы</a></li>\r\n\t\t\t\t<li>излишняя сальность кожи</li>\r\n\t\t\t\t<li>нездоровый цвет кожи, бледность</li>\r\n\t\t\t\t<li><a href=\"https://www.krasotaimedicina.ru/diseases/zabolevanija_cosmetology/dry_skin\">чрезмерная сухость кожи</a></li>\r\n\t\t\t\t<li>&quot;<a href=\"https://www.krasotaimedicina.ru/diseases/zabolevanija_cosmetology/sosudistye_zvezdochki\">сосудистые звездочки</a>&quot;</li>\r\n\t\t\t\t<li>зуд кожи</li>\r\n\t\t\t</ul>\r\n\t\t\t</td>\r\n\t\t\t<td>\r\n\t\t\t<ul>\r\n\t\t\t\t<li>желтушность кожных покровов</li>\r\n\t\t\t\t<li><a href=\"https://www.krasotaimedicina.ru/diseases/zabolevanija_cosmetology/giperpigment\">пигментные пятна</a></li>\r\n\t\t\t\t<li>аллергические реакции на коже</li>\r\n\t\t\t\t<li><a href=\"https://www.krasotaimedicina.ru/diseases/zabolevanija_dermatologia/fungus_infection\">грибковые поражения</a>, <a href=\"https://www.krasotaimedicina.ru/diseases/zabolevanija_venereology/candidiasis\">кандидозы</a></li>\r\n\t\t\t\t<li><a href=\"https://www.krasotaimedicina.ru/diseases/zabolevanija_cosmetology/flabby\">дряблость кожи</a></li>\r\n\t\t\t\t<li><a href=\"https://www.krasotaimedicina.ru/diseases/zabolevanija_cosmetology/wrinkle\">ранние морщины</a></li>\r\n\t\t\t</ul>\r\n\t\t\t</td>\r\n\t\t</tr>\r\n\t</tbody>\r\n</table>\r\n\r\n<p>В зависимости от возраста, общего состояния и здоровья организма, от типа кожи и множества других причин, проблемы кожи могут быть временными и быстро проходящими, а могут доставлять серьезные огорчения. Если кожа лица состоит из участков сухой, нормальной и жирной, она называется <a href=\"https://www.krasotaimedicina.ru/diseases/zabolevanija_cosmetology/combination-skin\">комбинированной</a>. Такой тип кожи встречается особенно часто у женщин. Центральная или Т-зона лица (лоб, нос, подбородок) покрыта кожей жирного типа. Вокруг глаз, на щеках и на шее &ndash; кожа нормальная или сухая. <a href=\"https://www.krasotaimedicina.ru/diseases/zabolevanija_cosmetology/oily-skin\">Жирная кожа</a> и сухая чувствительная кожа представляют наиболее проблемные типы.</p>\r\n\r\n<p>Жирной кожей чаще всего обладают брюнетки и молодые девушки и женщины. В отличие от других типов, жирной коже не угрожает появление преждевременных морщин. Но у нее есть другие серьезные проблемы. Жирная кожа отличается сальным блеском, крупными порами, желтоватым оливковым цветом, плохим кровообращением. Жирная кожа чревата <a href=\"https://www.krasotaimedicina.ru/diseases/zabolevanija_dermatologia/acne\">угревой сыпью</a> и <a href=\"https://www.krasotaimedicina.ru/diseases/zabolevanija_trihology/seborrhea\">жирной себореей</a>, особенно в период полового созревания в результате гормональной перестройки в организме.</p>\r\n\r\n<p>Сухой коже недостает естественной защиты в виде кожного сала, которого при данном типе вырабатывается в недостаточном количестве. Именно поэтому сухая кожа так и выглядит &ndash; сухой и шелушащейся. Сухая кожа восприимчива к воздействию внешних факторов: неблагоприятных климатических и погодных условий, механических воздействий (грубая одежда или соприкосновение с мужской бородой). Результатом таких воздействий является раздражение кожи, ее покраснение и сыпь. Сухая кожа не переносит плохой воды; после умывания возникает дискомфорт и ощущение стянутости кожи. Сухая кожа очень &laquo;разборчива&raquo; в отношении косметических средств, определенные компоненты, входящие в их состав, могут спровоцировать нежелательные последствия.</p>\r\n\r\n<p><a name=\"h2_6\"></a></p>\r\n\r\n<h2>Причины проблемной кожи</h2>\r\n\r\n<p><img alt=\"Причины проблемной кожи\" src=\"https://www.krasotaimedicina.ru/upload/iblock/c8f/c8fb5fc17858e70254218357dba25783.jpeg\" style=\"float:right; height:337px; width:250px\" title=\"Причины проблемной кожи\" />Проблемная кожа не является заболеванием. Прежде существовало мнение, что проблемные высыпания на коже вызываются неправильным питанием и отсутствием гигиены. В настоящее время принято считать, что в основе проблем кожи лежат психологические факторы, такие как стресс, и неправильное функционирование сальных желез. К числу признаков проблемной кожи относятся: усиленная деятельность сальных желез, наличие сухих и жирных участков кожи, расширенные поры в форме кратеров. В результате скопления в порах и волосяных фолликулах жиров, отшелушенных мертвых клеток и воздействия на них болезнетворных бактерий, на коже появляются высыпания, особенно болезненные в области спины, на лице и груди.</p>\r\n\r\n<p>Проблемная кожа может служить сигналом <a href=\"https://www.krasotaimedicina.ru/diseases/zabolevanija_gastroenterologia\">заболевания органов пищеварения</a> и неполадок в работе <a href=\"https://www.krasotaimedicina.ru/diseases/zabolevanija_endocrinology\">эндокринной системы</a>. Некоторые кожные проблемы являются следствием предрасположенности, передаваемой по наследству, как например, образование пигментных пятен.</p>\r\n\r\n<p>Гормональные изменения в организме не только в юном возрасте, но и в момент старения, могут спровоцировать целый ряд проблем кожи. Увядание кожи вызвано замедлением синтеза коллагена. Кожа становится менее эластичной и упругой. Возрастные особенности сухой кожи еще более усугубляют проблемы, связанные с повреждением кожного барьера и повышением сухости. К тому же, снижается секреция сальных желез, происходит замедление внутриклеточных процессов, уменьшается уровень содержания гиалуроновой кислоты.</p>\r\n\r\n<p>Самолечение может принести непоправимый вред красоте и здоровью кожи. Только специалист способен установить истинную причину заболевания и назначить индивидуальное лечение в соответствии с типом кожи. Своевременное обращение к специалисту-косметологу или <a href=\"https://www.krasotaimedicina.ru/doctor/dermatologist/\">дерматологу</a> поможет устранить проблемы кожи и вернуть ей утраченную свежесть и гладкость.</p>\r\n\r\n<p><a name=\"h2_11\"></a></p>\r\n\r\n<h2>Методы лечения проблемной кожи</h2>\r\n\r\n<p><img alt=\"Методы лечения проблемной  кожи. Ботокс\" src=\"https://www.krasotaimedicina.ru/upload/iblock/782/782da9e02cdd22e62ebc32141dbfee91.jpeg\" style=\"float:right; height:287px; width:250px\" title=\"Методы лечения проблемной  кожи. Ботокс\" />Задача специалиста-косметолога выявить индивидуальные причины проблем кожи и подобрать вместе с вами методику их устранения с помощью процедур, подходящих именно для вашего случая. Существуют разнообразные современные методики, которые направлены на устранение, корректировку и замедление негативных процессов, связанных с возрастными изменениями кожи и другими неблагоприятными факторами.</p>\r\n\r\n<p>Хороший положительный эффект дают процедуры с использованием биогеля или <a href=\"https://www.krasotaimedicina.ru/treatment/botox-injection/\">ботокса</a>. Для разглаживания морщин с успехом применяется <a href=\"https://www.krasotaimedicina.ru/treatment/mesotherapy/\">мезотерапия</a> &ndash; введение с помощью инъекций в слои кожи, лежащие после эпидермиса (мезодерму), специальных лекарственных или гомеопатических препаратов. Этот способ весьма эффективен в лечении и других проблем, вызванных старением или гормональными сбоями. Эстетическая медицина и <a href=\"https://www.krasotaimedicina.ru/treatment/dermatology/\">дерматология</a> взяла его на вооружение в борьбе с <a href=\"https://www.krasotaimedicina.ru/diseases/zabolevanija_cosmetology/cellulit\">целлюлитом</a>, <a href=\"https://www.krasotaimedicina.ru/diseases/zabolevanija_endocrinology/obesity\">ожирением</a>, <a href=\"https://www.krasotaimedicina.ru/diseases/zabolevanija_phlebology/varices\">варикозным расширением вен</a>, <a href=\"https://www.krasotaimedicina.ru/diseases/zabolevanija_cosmetology/stretching\">растяжками</a>, рубцами, отечностью и <a href=\"https://www.krasotaimedicina.ru/diseases/zabolevanija_cosmetology/skin_ageing\">старением кожи</a>.</p>\r\n\r\n<p>Метод электрокоагуляции (диатермокоагуляции) &ndash; прижигание проблемных тканей кожи электрическим током &ndash; применяется для устранения угрей, &laquo;сосудистых звездочек&raquo;, <a href=\"https://www.krasotaimedicina.ru/diseases/zabolevanija_cosmetology/rodinka\">родинок</a>, <a href=\"https://www.krasotaimedicina.ru/diseases/zabolevanija_dermatologia/papillomas\">папиллом</a>. Для лечения проблемной и омоложения стареющей кожи применяется метод <a href=\"https://www.krasotaimedicina.ru/treatment/ozone-therapy/\">озонотерапии</a>. Суть его заключается в проведении массажных процедур с озонированным маслом, подкожных и внутрикожных инъекций <a href=\"https://www.krasotaimedicina.ru/treatment/ozone-therapy/intravenous\">озоно-кислородной смеси</a>. Этот метод приобрел широкую популярность благодаря эффективному воздействию на <a href=\"https://www.krasotaimedicina.ru/diseases/zabolevanija_cosmetology/mimic-wrinkles\">мимические морщины</a> и улучшению цвета лица.</p>\r\n\r\n<p><img alt=\"Методы лечения проблемной  кожи. Пилинг\" src=\"https://www.krasotaimedicina.ru/upload/iblock/f2d/f2dd95f5ec0588d92c28380a5028a7d6.jpeg\" style=\"float:right; height:250px; width:250px\" title=\"Методы лечения проблемной  кожи. Пилинг\" />Проблемная кожа нуждается в такой процедуре, как <a href=\"https://www.krasotaimedicina.ru/treatment/face-peeling/\">пилинг</a>. С помощью пилинга кожа освобождается от слоя омертвевших клеток, дается свобода образованию и росту молодых клеток. Для подтяжки увядающей кожи, при подростковом акне, для коррекции свежих растяжек и других проявлениях проблемной кожи незаменимой косметической процедурой является лифтинг лица.</p>\r\n\r\n<p>Современная <a href=\"https://www.krasotaimedicina.ru/treatment/hardware-cosmetology/\">аппаратная косметология</a> широко использует ультразвуковые методы воздействия на проблемную кожу. В результате <a href=\"https://www.krasotaimedicina.ru/treatment/phonophoresis-cosmetology/\">фонофореза</a> (сочетания ультразвука и специальных средств) активизируются обменные процессы в клетках кожи и усиливается лимфодренаж. Криодеструкция (криохирургия) и <a href=\"https://www.krasotaimedicina.ru/treatment/cryotherapy-cosmetology/\">криотерапия</a> представляют собой лечение сухим холодным воздухом. Эти методы успешно применяется в <a href=\"https://www.krasotaimedicina.ru/treatment/cosmetology/\">косметологии</a> и дерматологии для лечения проблемной кожи.</p>\r\n\r\n<p>Удаление <a href=\"https://www.krasotaimedicina.ru/diseases/zabolevanija_dermatologia/keratoma\">кератом</a>, темных пятен, <a href=\"https://www.krasotaimedicina.ru/diseases/zabolevanija_dermatologia/warts\">бородавок</a>, рубцов, наколок методом криодеструкции &mdash; местным охлаждением до низких температур &ndash; привлекает малой травматичностью и дает хорошие результаты. Криотерапия (<a href=\"https://www.krasotaimedicina.ru/treatment/cryomassage/\">криомассаж</a>) заключается в кратковременном воздействии низкими температурами на проблемные участки кожи, в результате чего происходит резкое сужение сосудов, а затем их расширение. При этом &laquo;пробуждаются&raquo; резервные капилляры, стимулируется приток крови к месту воздействия холодом, активизируются обменные процессы. Криотерапия применяется для укрепления корней волос и разглаживания морщин.</p>\r\n\r\n<p>Фитогормональная терапия &ndash; новый метод в лечении проблемной кожи. Этот метод направлен на устранение гормонального дисбаланса &ndash; одного из главных факторов, вызывающих проблемы кожи.</p>",
    "author": 6,
    "slug": "kras_01_lesson_02"
  }
},
{
  "model": "mainapp.post",
  "pk": 12,
  "fields": {
    "created_at": "2023-10-21T09:56:15.796Z",
    "updated_at": "2023-10-21T09:56:15.796Z",
    "title": "Урок 1. ТОРТ ФРЕЗЬЕ С КЛУБНИКОЙ",
    "text": "Фрезье (Fraisier)- французский торт, название которого происходит от слова fraise, означающего клубника. Классический рецепт торта состоит из генуэзского бисквита, кремового слоя и свежей клубники. Интересно, что клубника в том виде, который мы знаем появилась в 19 столетии. До этого ягода была размером с голубику. В 1930-х годах во Франции и в остальной Европе появились новые сорта клубники, и тогда же создан рецепт этого прекрасного торта.",
    "body": "<p><img alt=\"торт фрезье рецепт\" src=\"https://thecake-school.ru/assets/img/blog/cake_fraisier-35.jpg\" title=\"торт фрезье рецепт\" />&nbsp;</p>\r\n\r\n<p>Фрезье (Fraisier)- французский торт, название которого происходит от слова fraise, означающего клубника. Классический рецепт торта состоит из генуэзского бисквита, кремового слоя и свежей клубники. Интересно, что клубника в том виде, который мы знаем появилась в 19 столетии. До этого ягода была размером с голубику. В 1930-х годах во Франции и в остальной Европе появились новые сорта клубники, и тогда же создан рецепт этого прекрасного торта.</p>\r\n\r\n<p>Изначально в качестве крема для торта использовали масляный крем. С течением времени и развитием кондитерского дела, его заменили на крем муслин (заварной крем со сливочным маслом). Сейчас чаще всего делают более легкий крем Дипломат.</p>\r\n\r\n<p>Я собирала торт Фрезье в кольце 16 см. Итоговый вес вместе с декором получился 1.2 кг. Удобный рабочий процесс приготовления торта: Заранее испечь бисквит и приготовить клубничное компоте. Оба хорошо хранятся в холодильнике в течение 3-4 дней. В день сборки торта готовим пропитку и мусс. Собираем торт, охлаждаем, чтобы муссовый слой схватился. После этого готовим верхний слой - клубничное желе. После этого оставляем торт минимум на 6 часов для стабилизации. Торт Фрезье нельзя готовить заранее, так как в рецепте используются свежие ягоды. Срок годности составляет 24 часа. Замораживать торт нельзя (свежие ягоды после заморозки потеряют форму и потекут).</p>\r\n\r\n<p>&nbsp;</p>\r\n\r\n<h2>БИСКВИТ ГЕНУЭЗСКИЙ</h2>\r\n\r\n<ul>\r\n\t<li>яйца 150 гр</li>\r\n\t<li>сахар 150 гр</li>\r\n\t<li>мука 150 гр</li>\r\n\t<li>Сливочное масло 55 гр</li>\r\n</ul>\r\n\r\n<p><img alt=\"генуэзский бисквит ингредиенты\" src=\"https://thecake-school.ru/assets/img/blog/cake_fraisier-1.jpg\" title=\"генуэзский бисквит ингредиенты\" />&nbsp;</p>\r\n\r\n<p>Прежде чем приступить к приготовлению отмерьте все ингредиенты и приготовьте посуду. Сливочное масло заранее растопите.</p>\r\n\r\n<p>В стеклянной или металлической чаше соединияем сахар и яйца.</p>\r\n\r\n<p><img alt=\"готовим генуэзский бисквит \" src=\"https://thecake-school.ru/assets/img/blog/cake_fraisier-2.jpg\" title=\"готовим генуэзский бисквит \" />&nbsp;</p>\r\n\r\n<p>В сотейник наливаем воду, доводим ее до кипения. Уменьшаем мощность, так чтобы вода продолжала кипеть. Ставим миску с яйцами и сахаром на водяную баню. Обратите внимание, что дно миски не должно касаться воды. Иначе оно нагреется до 100 С и яйца свернутся.</p>\r\n\r\n<p><img alt=\"готовим генуэзский бисквит \" src=\"https://thecake-school.ru/assets/img/blog/cake_fraisier-3.jpg\" title=\"готовим генуэзский бисквит \" />&nbsp;</p>\r\n\r\n<p>Взбиваем смесь миксером на средней скорости пока она не нагреется до 43 С. В теплом состоянии яйца взбиваются лучше и пены больше. Взбиваем до тех пор пока не растворится сахар. После этого миску убираем с бани.</p>\r\n\r\n<p>Продолжаем взбивать массу пока она полностью не остынет. Тесто будет стекать лентой, след медленно растекается в миске.</p>\r\n\r\n<p><img alt=\"готовим генуэзский бисквит \" src=\"https://thecake-school.ru/assets/img/blog/cake_fraisier-4.jpg\" title=\"готовим генуэзский бисквит \" />&nbsp;</p>\r\n\r\n<p>Просеивая через сито, добавляем муку в несколько этапов. Перемешиваем ее венчиком или силиконовой лопаткой вручную.</p>\r\n\r\n<p><img alt=\"готовим генуэзский бисквит \" src=\"https://thecake-school.ru/assets/img/blog/cake_fraisier-5.jpg\" title=\"готовим генуэзский бисквит \" />&nbsp;</p>\r\n\r\n<p><img alt=\"готовим генуэзский бисквит \" src=\"https://thecake-school.ru/assets/img/blog/cake_fraisier-6.jpg\" title=\"готовим генуэзский бисквит \" />&nbsp;</p>\r\n\r\n<p>В отдельную миску переложите часть теста. Влейте в него растопленное сливочное масло. Перемешайте венчиком до однородного состояния. При взаимодействие пузырьков воздуха с жиром, они начинают лопаться. Количество тесто уменьшится в объеме. Смешанное с маслом тесто введите в основную часть теста и перемешайте лопаткой.</p>\r\n\r\n<p><img alt=\"готовим генуэзский бисквит \" src=\"https://thecake-school.ru/assets/img/blog/cake_fraisier-7.jpg\" title=\"готовим генуэзский бисквит \" />&nbsp;</p>\r\n\r\n<p>Генуэзский бисквит нужно выпекать сразу же. Оставите на 5 минут, оно опадет и обратно объем не вернуть. Перелейте тесто в кольцо 16 см. Выпекайте при 180 С, режим с конвекцией в течение 30 минут.</p>\r\n\r\n<p><img alt=\"готовим генуэзский бисквит \" src=\"https://thecake-school.ru/assets/img/blog/cake_fraisier-8.jpg\" title=\"готовим генуэзский бисквит \" />&nbsp;</p>\r\n\r\n<p>Тесто готово: оно стало золотистого цвета. Палочка выходит сухой. Дайте бисквиту остыть. После этого разрежьте на коржи. Если не используете сразу, то заверните в пленку и уберите в холодильник.</p>\r\n\r\n<p><img alt=\"готовим генуэзский бисквит \" src=\"https://thecake-school.ru/assets/img/blog/cake_fraisier-21.jpg\" title=\"готовим генуэзский бисквит \" />&nbsp;</p>\r\n\r\n<p><a href=\"https://thecake-school.ru/onlajn-kursyi/besplatnyi-kurs\" id=\"img_2\" target=\"_blank\"><img src=\"https://thecake-school.ru/assets/img/1step/1step.jpg?4\" /></a></p>\r\n\r\n<p>&nbsp;</p>\r\n\r\n<p>Получить</p>\r\n\r\n<h2>ПРОПИТКА ДЛЯ БИСКВИТА</h2>\r\n\r\n<ul>\r\n\t<li>Вода 100 гр</li>\r\n\t<li>Сахар 50 гр</li>\r\n\t<li>Виски 30 гр</li>\r\n</ul>\r\n\r\n<p>В сотейнике доводим до кипения воду и сахар. Варим сироп после закипания 1-2 минуты.</p>\r\n\r\n<p>Добавляем виски. В рецепте торта Фрезье можно заменить виски ягодным ликером или ливером Куантро. Можно не добавлять алкоголь.</p>\r\n\r\n<h2>КЛУБНИЧНОЕ КОМПОТЕ</h2>\r\n\r\n<ul>\r\n\t<li>Клубника 200 гр</li>\r\n\t<li>Сахар 15 гр</li>\r\n\t<li>Пектин яблочный/цитрусовый 5 гр</li>\r\n</ul>\r\n\r\n<p><img alt=\"клубничное компоте ингредиенты\" src=\"https://thecake-school.ru/assets/img/blog/cake_fraisier-9.jpg\" title=\"клубничное компоте ингредиенты\" />&nbsp;</p>\r\n\r\n<p>Компоте из клубники можно приготовить заранее. Оно прекрасно хранится в холодильнике в течение 3-4 дней.</p>\r\n\r\n<p>Половину клубники нарежьте на кубики стороной 5 мм</p>\r\n\r\n<p>Вторую половину клубники пюрируйте блендером.</p>\r\n\r\n<p><img alt=\"готовим клубничное компоте\" src=\"https://thecake-school.ru/assets/img/blog/cake_fraisier-11.jpg\" title=\"готовим клубничное компоте\" />&nbsp;</p>\r\n\r\n<p>Все ингредиенты (клубнику кусочками, пюре, сахар и пектин) соединяем в сотейнике. Варим на средней мощности, постоянно помешивая, до кипения. Даем покипеть 2-3 минуты. Чем больше влаги испарится, тем гуще получится начинка. Плюс пектин включается в работу. Обычно мармелад на пектине варят таким же образом, уваривая смесь до 106-110 С. Нам мармелад не нужен, поэтому просто увариваем. Выключаем. Охлаждаем.</p>\r\n\r\n<p><img alt=\"готовим клубничное компоте\" src=\"https://thecake-school.ru/assets/img/blog/cake_fraisier-12.jpg\" title=\"готовим клубничное компоте\" />&nbsp;</p>\r\n\r\n<p>Обратите внимание, что начинка получается слегка густой. Она не будет, как желе или мармелад, но и не будет жидкой, как само пюре. Когда будете добавлять начинку в торт, она слегка пропитает бисквит.</p>\r\n\r\n<h2>КРЕМ ДИПЛОМАТ</h2>\r\n\r\n<ul>\r\n\t<li>Молоко 217 гр</li>\r\n\t<li>Желток 50 гр</li>\r\n\t<li>Сахар 33 гр</li>\r\n\t<li>Кукурузный крахмал 17 гр</li>\r\n\t<li>Листовой желатин 5 гр</li>\r\n\t<li>Сливки 33-35% 167 гр</li>\r\n</ul>\r\n\r\n<p><img alt=\"крем дипломат ингредиенты\" src=\"https://thecake-school.ru/assets/img/blog/cake_fraisier-13.jpg\" title=\"крем дипломат ингредиенты\" />&nbsp;</p>\r\n\r\n<p>В основе крема дипломат используется базовый заварной крем или крем Патисьер. К заварному крему добавляем желатин для стабильности и взбитые сливки для воздушности и сливочного вкуса. Первым делом варим заварной крем. В сотейнике доводим молоко до кипения.</p>\r\n\r\n<p><img alt=\"готовим крем дипломат\" src=\"https://thecake-school.ru/assets/img/blog/cake_fraisier-14.jpg\" title=\"готовим крем дипломат\" />&nbsp;</p>\r\n\r\n<p>В отдельной миске смешиваем желток, сахар и кукурузный крахмал. Перемешиваем венчиком или блендером, чтобы получить однородную смесь.</p>\r\n\r\n<p><img alt=\"готовим крем дипломат\" src=\"https://thecake-school.ru/assets/img/blog/cake_fraisier-15.jpg\" title=\"готовим крем дипломат\" />&nbsp;</p>\r\n\r\n<p>В желтковую смесь вливаем молоко и одновременно перемешиваем. Не обязательно выливать молоко полностью, можно только часть. Затем желтково-молочную смесь выливаем обратно в сотейник.</p>\r\n\r\n<p><img alt=\"готовим заварной крем\" src=\"https://thecake-school.ru/assets/img/blog/cake_fraisier-16.jpg\" title=\"готовим заварной крем\" />&nbsp;</p>\r\n\r\n<p>Двойная процедура нагреть молоко, влить в желток, а потом все вернуть обратно в сотейник сокращает время варки крема. Таким способом мы быстро нагреваем смесь примерно до 50 С. Можно сделать иначе: сразу смешать молоко, желток, сахар и крахмал и варить крем. В этом случае Вам придется дольше и внимательнее ждать, когда крем нагреется до тех же 50 С,а потом сварится.</p>\r\n\r\n<p>Для ароматизации крема я использовала экстракт ванили. Вы можете приготовить его самостоятельно, а не использовать покупной.&nbsp;<a href=\"https://thecake-school.ru/blog/recipe/ekstrakt-vanili\">Рецепт экстракта ванили опубликован в блоге тут</a>.</p>\r\n\r\n<p><img alt=\"готовим заварной крем\" src=\"https://thecake-school.ru/assets/img/blog/cake_fraisier-18.jpg\" title=\"готовим заварной крем\" />&nbsp;</p>\r\n\r\n<p>Варим крем на средней мощности. Обязательно мешаем. Наступит момент, когда начнут появляться комочки. не бойтесь, все идет по плану - это заваривается крахмал и желток. После того как крем закипит, варим его еще в течение 1-2 минут. В отличие от крема Англез, где не используется крахмал, желток защищен, крем не свернется.</p>\r\n\r\n<p>В горячий крем добавляем желатин.</p>\r\n\r\n<p><img alt=\"готовим крем дипломат\" src=\"https://thecake-school.ru/assets/img/blog/cake_fraisier-19.jpg\" title=\"готовим крем дипломат\" />&nbsp;</p>\r\n\r\n<p>Переливаем крем в холодную миску и убираем охлаждаться. Пока заварной крем остывает, взбиваем сливки до полувзбитого состояния.</p>\r\n\r\n<p><img alt=\"взбиваем сливки\" src=\"https://thecake-school.ru/assets/img/blog/cake_fraisier-20.jpg\" title=\"взбиваем сливки\" />&nbsp;</p>\r\n\r\n<p>Сливки добавляем в основной крем (его температура должна быть около 30 С, если выше, сливки потеряют объем) и перемешиваем лопаткой.</p>\r\n\r\n<p><img alt=\"готовим крем дипломат\" src=\"https://thecake-school.ru/assets/img/blog/cake_fraisier-25.jpg\" title=\"готовим крем дипломат\" />&nbsp;</p>\r\n\r\n<p>Переходим к сборке торта. Клубничное желе готовим после того, как торт собран и схватился кремовый слой.</p>\r\n\r\n<h2>СБОРКА ТОРТА ФРЕЗЬЕ</h2>\r\n\r\n<p>Для сборки торта используем кольцо того же размера, в котором пекли бисквит. У меня 16 см. Выкладываем ацетатную пленку. Кладем бисквит и пропитываем сиропом.</p>\r\n\r\n<p><img alt=\"торт фрезье сборка\" src=\"https://thecake-school.ru/assets/img/blog/cake_fraisier-22.jpg\" title=\"торт фрезье сборка\" />&nbsp;</p>\r\n\r\n<p>Разрезаем ягоды пополам и выкладываем внешний диаметр. Выбирайте ягоды одного размера.</p>\r\n\r\n<p><img alt=\"торт фрезье сборка\" src=\"https://thecake-school.ru/assets/img/blog/cake_fraisier-23.jpg\" title=\"торт фрезье сборка\" />&nbsp;</p>\r\n\r\n<p>Теперь черед ягодного компоте. Обратите внимание на его консистенцию. Оно немного похоже на джем. Равномерно распределяем внутри.</p>\r\n\r\n<p><img alt=\"торт фрезье сборка\" src=\"https://thecake-school.ru/assets/img/blog/cake_fraisier-24.jpg\" title=\"торт фрезье сборка\" />&nbsp;</p>\r\n\r\n<p>Наливаем 2/3 мусса. На этом этапе важно, чтобы мусс заполнил пространство между ягодами.</p>\r\n\r\n<p><img alt=\"торт фрезье сборка\" src=\"https://thecake-school.ru/assets/img/blog/cake_fraisier-26.jpg\" title=\"торт фрезье сборка\" />&nbsp;</p>\r\n\r\n<p>Выкладываем 2 бисквит, который мы уменьшили в диаметре на 2 см. Слегка утопите его.</p>\r\n\r\n<p><img alt=\"торт фрезье сборка\" src=\"https://thecake-school.ru/assets/img/blog/cake_fraisier-27.jpg\" title=\"торт фрезье сборка\" />&nbsp;</p>\r\n\r\n<p>Выливаем остатки мусса и отправляем торт на стабилизацию в холодильник. Нам нужно дождаться, чтобы мусс слегка схватился, после этого сможем добавить желе.</p>\r\n\r\n<p><img alt=\"торт фрезье сборка\" src=\"https://thecake-school.ru/assets/img/blog/cake_fraisier-28.jpg\" title=\"торт фрезье сборка\" />&nbsp;</p>\r\n\r\n<h2>КЛУБНИЧНОЕ ЖЕЛЕ</h2>\r\n\r\n<ul>\r\n\t<li>Клубничное пюре 150 гр</li>\r\n\t<li>Сахар 40 гр</li>\r\n\t<li>Листовой желатин 4 гр</li>\r\n</ul>\r\n\r\n<p><img alt=\"клубничное желе ингредиенты\" src=\"https://thecake-school.ru/assets/img/blog/cake_fraisier-31.jpg\" title=\"клубничное желе ингредиенты\" />&nbsp;</p>\r\n\r\n<p>Замачиваем листовой желатин в холодной воде. Если Вы до этого с листовым желатином не работали или есть пробелы в знаниях, рекомендую прочитать статью и посмотреть видео-урок о желатине.</p>\r\n\r\n<p>В сотейнике смешиваем клубничное пюре, сахар и доводим до кипения</p>\r\n\r\n<p><img alt=\"готовим клубничное желе\" src=\"https://thecake-school.ru/assets/img/blog/cake_fraisier-32.jpg\" title=\"готовим клубничное желе\" />&nbsp;</p>\r\n\r\n<p>Добавляем отжатый желатин. Перемешиваем и даем остыть примерно до 40-50 С.</p>\r\n\r\n<p><img alt=\"готовим клубничное желе\" src=\"https://thecake-school.ru/assets/img/blog/cake_fraisier-33.jpg\" title=\"готовим клубничное желе\" />&nbsp;</p>\r\n\r\n<p>Выливаем клубничное желе поверх торта. Торт стоял в холодильнике, поэтому желе быстро остынет и начнет схватываться. Полностью желе застынет часов через 5.</p>\r\n\r\n<p><img alt=\"торт фрезье сборка\" src=\"https://thecake-school.ru/assets/img/blog/cake_fraisier-34.jpg\" title=\"торт фрезье сборка\" />&nbsp;</p>\r\n\r\n<p>После стабилизации достаем торт из холодильника, убираем ацетатную пленку и украшаем торт. Теперь можно насладиться вкусом самого первого летнего, свежего и ягодного торта Фрезье.</p>\r\n\r\n<p><img alt=\"торт фрезье рецепт\" src=\"https://thecake-school.ru/assets/img/blog/cake_fraisier-36.jpg\" title=\"торт фрезье рецепт\" />&nbsp;</p>\r\n\r\n<p>Я приглашаю вас пройти мои&nbsp;<a href=\"https://thecake-school.ru/besplatnyie-onlajnkursyi/\">бесплатные курсы для начинающих кондитеров.</a></p>",
    "author": 7,
    "slug": "cook_o2_lesson_01"
  }
},
{
  "model": "mainapp.post",
  "pk": 13,
  "fields": {
    "created_at": "2023-10-27T12:12:47.996Z",
    "updated_at": "2023-10-27T12:12:47.996Z",
    "title": "Лекция о кошках",
    "text": "Кошки имеют тело и душу, как и человек. Из существования души следуют такие качества, как наличие у кошек эмоций, наличие коммуникативных способностей, социальность в мире животных и в людском мире. В силу сходства с людьми кошек следует считать как равноправных членов семьи, это не последний вид добродетелей. ",
    "body": "Кошки имеют тело и душу, как и человек. Из существования души следуют такие качества, как наличие у кошек эмоций, наличие коммуникативных способностей, социальность в мире животных и в людском мире. В силу сходства с людьми кошек следует считать как равноправных членов семьи, это не последний вид добродетелей. \r\nВ силу эмоциональности кошек с ними надо обращаться бережно: вовремя чистить лоток, так чтобы им было приятно, не укорять их слишком за их подвижность, прыгание по столам и даже сшибание банок; утешать, если наступили на ногу или на хвост или если животное болеет.\r\nВ силу наличия коммуникативных способностей можно: обращаться к ним по имени, обращение воспринимается на основе условных рефлексов у кошек; изучать язык кошек; изучать манеру общения кошек друг с другом.\r\nВ силу социальности кошки могут официально регистрироваться и участвовать в таких организациях и местах, как домашний приют, театр кошек, зал выставок.\r\nЖивотное, в том числе и кошка, может одичать только для мира людей, но этого нельзя допускать, потому что такое рассоциализирование—моральная травма не только для владельца, но и для кошки или кота. Для того, чтобы избегать одичания зверей, и надо уделять в равной степени достаточное внимание и их эмоциям, и их коммуникативным особенностям, и их социальности.\r\nСледует иметь в виду, что кошачьи эмоции, коммуникативные способности и социальнгость всё же несколько другие, чем у людей. Это проявляется в более простом восприятии мира кошками и котами, большую долю имеет компонента движения, наконец, у кошек другой язык. Поэтому с ними не надо беседовать, тем более на сложные темы, общаться с ними можно только в том случае, когда передаваемые слова они могут воспринимать посредством существующих комбинаций условных рефлексов.",
    "author": 6,
    "slug": "лекция-о-кошках_<built-in method now of type object at 0x0000023595A04610>"
  }
},
{
  "model": "mainapp.post",
  "pk": 15,
  "fields": {
    "created_at": "2023-10-27T12:37:37.205Z",
    "updated_at": "2023-10-27T12:37:37.205Z",
    "title": "Лекция о кошках",
    "text": "27 октября 2022\r\nГлавная\r\nКак правильно\r\nВоспитание и поведение\r\nЧто нужно знать детям о кошке\r\nКошки — это не просто милые домашние животные. Это отдельные существа со своей психологией и потребностями. Поэтому так важно еще с раннего возраста рассказывать детям главное о кошках и о том, как с ними обращаться. В статье делимся интересными фактами о кошках для детей. Рассказываем, что нравится этим животным, а что нет — и как о них правильно заботиться.",
    "body": "27 октября 2022\r\nГлавная\r\nКак правильно\r\nВоспитание и поведение\r\nЧто нужно знать детям о кошке\r\nКошки — это не просто милые домашние животные. Это отдельные существа со своей психологией и потребностями. Поэтому так важно еще с раннего возраста рассказывать детям главное о кошках и о том, как с ними обращаться. В статье делимся интересными фактами о кошках для детей. Рассказываем, что нравится этим животным, а что нет — и как о них правильно заботиться.\r\n27 октября 2022\r\nГлавная\r\nКак правильно\r\nВоспитание и поведение\r\nЧто нужно знать детям о кошке\r\nКошки — это не просто милые домашние животные. Это отдельные существа со своей психологией и потребностями. Поэтому так важно еще с раннего возраста рассказывать детям главное о кошках и о том, как с ними обращаться. В статье делимся интересными фактами о кошках для детей. Рассказываем, что нравится этим животным, а что нет — и как о них правильно заботиться.",
    "author": 6,
    "slug": "лекция-о-кошках_1698410257"
  }
},
{
  "model": "mainapp.post",
  "pk": 16,
  "fields": {
    "created_at": "2023-10-28T14:06:22.674Z",
    "updated_at": "2023-10-28T14:48:36.203Z",
    "title": "Tuxedo Computers вернула в продажу ноутбуки с Linux: Tuxedo Polaris 15 и Tuxedo Stellaris 16 с AMD Ryzen серии 7000",
    "text": "Немецкий поставщик оборудования для Linux Tuxedo Computers объявил, что возвращает в продажу игровые ноутбуки Tuxedo Polaris 15 и Tuxedo Stellaris 16 Linux с процессорами AMD Ryzen серии 7000.",
    "body": "<p><img src=\"https://habrastorage.org/r/w1560/getpro/habr/upload_files/784/31d/017/78431d01716c7526ff3a7913545fb69e.jpg\" style=\"height:800px; width:100%\" /></p>\r\n\r\n<p>Немецкий поставщик оборудования для Linux Tuxedo Computers объявил, что&nbsp;<a href=\"https://9to5linux.com/tuxedo-linux-gaming-laptops-powered-by-amd-ryzen-7000-series-cpus-are-back\" rel=\"noopener noreferrer nofollow\">возвращает</a>&nbsp;в продажу игровые ноутбуки Tuxedo Polaris 15 и Tuxedo Stellaris 16 Linux с процессорами AMD Ryzen серии 7000.&nbsp;</p>\r\n\r\n<p>Tuxedo Stellaris 16 компания представила в апреле этого года, однако на запуске он был оснащён процессором Intel Core i9-13900HX. В свою очередь, Tuxedo Polaris 15, представленный в 2020 году, в ноябре 2022 года получил процессор AMD Ryzen 9.</p>\r\n\r\n<p>Сейчас компания предлагает оба устройства с 4-нм процессором AMD Ryzen 7 7840HS (8 ядер, кэш-память 24 МБ и до 5.1 ГГц тактовой частоты). Компания предполагает, что это изменение &laquo;позволит предложить покупателям лучшее соотношение цены и качества&raquo;.</p>\r\n\r\n<p>Игровые ноутбуки с Linux также поставляются с высокопроизводительными видеокартами Nvidia: GeForce RTX 4050 и 4060 с 6/8 ГБ памяти на Tuxedo Polaris 15 и GeForce RTX 4060 и 4070 с 8 ГБ памяти на Tuxedo Stellaris 16. Наконец, Tuxedo Computers сообщила, что оба устройства на базе процессоров AMD стали первыми игровыми ноутбуками с Linux, получившими оперативную память DDR5 объёмом до 96 ГБ и частотой 5600 МГц.&nbsp;</p>\r\n\r\n<p>Tuxedo Polaris 15 оснащён дисплеем 15,6&rdquo; с разрешением 2560&times;1440 пикселей и частотой обновления 165 Гц, цветовым охватом 95% sRGB и яркостью 300 нит. Tuxedo Stellaris 16 оснащён дисплеем 16&rdquo; с разрешением 2560&times;1600 пикселей, соотношением сторон 16:10, частотой обновления 240 Гц, цветовым охватом sRGB 95% и яркостью 350 нит.</p>\r\n\r\n<p>Оба ноутбука уже доступны для предзаказа на сайте Tuxedo Computers по цене от $1,426 за Tuxedo Polaris 15 и от $1850 за Tuxedo Stellaris 16 в минимальных комплектациях. Поставка заказов стартует в середине ноября 2023 года.</p>",
    "author": 3,
    "slug": "news_06"
  }
},
{
  "model": "mainapp.lesson",
  "pk": 1,
  "fields": {
    "created_at": "2023-10-19T19:10:26.735Z",
    "updated_at": "2023-10-21T07:18:46.377Z",
    "course": 1,
    "post": 6,
    "order": 1,
    "video_url": "https://video-preview.s3.yandex.net/vsXXzgEAAAA.mp4",
    "img_url": "",
    "img_file": ""
  }
},
{
  "model": "mainapp.lesson",
  "pk": 2,
  "fields": {
    "created_at": "2023-10-19T19:15:52.730Z",
    "updated_at": "2023-10-21T07:21:40.005Z",
    "course": 1,
    "post": 7,
    "order": 2,
    "video_url": "https://video-preview.s3.yandex.net/FqCjvwAAAAA.mp4",
    "img_url": "",
    "img_file": ""
  }
},
{
  "model": "mainapp.lesson",
  "pk": 3,
  "fields": {
    "created_at": "2023-10-19T19:22:03.645Z",
    "updated_at": "2023-10-21T09:07:17.551Z",
    "course": 1,
    "post": 8,
    "order": 3,
    "video_url": "https://video-preview.s3.yandex.net/E8p6PAIAAAA.mp4",
    "img_url": "",
    "img_file": ""
  }
},
{
  "model": "mainapp.lesson",
  "pk": 4,
  "fields": {
    "created_at": "2023-10-19T19:41:05.526Z",
    "updated_at": "2023-10-19T20:01:12.814Z",
    "course": 1,
    "post": 9,
    "order": 4,
    "video_url": "https://ya.ru/video/preview/7241979681529505575",
    "img_url": "",
    "img_file": ""
  }
},
{
  "model": "mainapp.lesson",
  "pk": 5,
  "fields": {
    "created_at": "2023-10-19T20:00:43.648Z",
    "updated_at": "2023-10-21T09:10:31.676Z",
    "course": 3,
    "post": 10,
    "order": 5,
    "video_url": "https://video-preview.s3.yandex.net/S6szlQAAAAA.mp4",
    "img_url": "",
    "img_file": ""
  }
},
{
  "model": "mainapp.lesson",
  "pk": 6,
  "fields": {
    "created_at": "2023-10-19T20:07:49.750Z",
    "updated_at": "2023-10-21T09:09:01.308Z",
    "course": 3,
    "post": 11,
    "order": 6,
    "video_url": "https://video-preview.s3.yandex.net/XrnHUQEAAAA.mp4",
    "img_url": "",
    "img_file": ""
  }
},
{
  "model": "mainapp.lesson",
  "pk": 7,
  "fields": {
    "created_at": "2023-10-21T09:57:30.565Z",
    "updated_at": "2023-10-21T09:57:30.565Z",
    "course": 2,
    "post": 12,
    "order": 1,
    "video_url": "https://video-preview.s3.yandex.net/6-uJbwAAAAA.mp4",
    "img_url": "",
    "img_file": ""
  }
},
{
  "model": "mainapp.lesson",
  "pk": 8,
  "fields": {
    "created_at": "2023-10-27T12:12:48.002Z",
    "updated_at": "2023-10-27T12:37:37.202Z",
    "course": 18,
    "post": 13,
    "order": 3,
    "video_url": "https://www.youtube.com/embed/kOcaTWUk-Nc?si=K7ctMecP0e27uKLr",
    "img_url": "https://moyaokruga.ru/img/image_big/75f06e7d-4240-46d7-956d-3571102009d0.jpg",
    "img_file": ""
  }
},
{
  "model": "mainapp.lesson",
  "pk": 9,
  "fields": {
    "created_at": "2023-10-27T12:37:37.212Z",
    "updated_at": "2023-10-27T12:37:37.212Z",
    "course": 18,
    "post": 15,
    "order": 1,
    "video_url": "https://www.youtube.com/embed/kOcaTWUk-Nc?si=K7ctMecP0e27uKLr",
    "img_url": "https://koshka.top/uploads/posts/2021-11/1637911871_10-koshka-top-p-chertezh-koshki-12.jpg",
    "img_file": ""
  }
},
{
  "model": "mainapp.news",
  "pk": 1,
  "fields": {
    "created_at": "2023-10-15T21:19:58.493Z",
    "updated_at": "2023-10-18T20:27:13.457Z",
    "post": 1,
    "img_url": "img/news_01.jpeg"
  }
},
{
  "model": "mainapp.news",
  "pk": 2,
  "fields": {
    "created_at": "2023-10-15T21:23:10.914Z",
    "updated_at": "2023-10-18T20:28:01.631Z",
    "post": 2,
    "img_url": "img/news_03.jpg"
  }
},
{
  "model": "mainapp.news",
  "pk": 3,
  "fields": {
    "created_at": "2023-10-15T21:23:37.614Z",
    "updated_at": "2023-10-18T20:28:56.999Z",
    "post": 3,
    "img_url": "img/news_05.jpeg"
  }
},
{
  "model": "mainapp.news",
  "pk": 4,
  "fields": {
    "created_at": "2023-10-15T21:24:07.752Z",
    "updated_at": "2023-10-15T21:24:07.752Z",
    "post": 4,
    "img_url": "img/news_04.jpeg"
  }
},
{
  "model": "mainapp.news",
  "pk": 5,
  "fields": {
    "created_at": "2023-10-15T21:24:31.900Z",
    "updated_at": "2023-10-18T20:32:13.371Z",
    "post": 5,
    "img_url": "img/news_07.jpg"
  }
},
{
  "model": "mainapp.news",
  "pk": 6,
  "fields": {
    "created_at": "2023-10-28T14:06:57.171Z",
    "updated_at": "2023-10-28T14:06:57.171Z",
    "post": 16,
    "img_url": "https://habrastorage.org/getpro/habr/upload_files/784/31d/017/78431d01716c7526ff3a7913545fb69e.jpg"
  }
},
{
  "model": "mainapp.comment",
  "pk": 1,
  "fields": {
    "updated_at": "2023-11-04T10:59:47.625Z",
    "text": "ghbdtn",
    "author": 2,
    "post": 12,
    "parent": null,
    "created_at": "2023-11-04T10:59:47.625Z"
  }
},
{
  "model": "mainapp.comment",
  "pk": 2,
  "fields": {
    "updated_at": "2023-11-04T11:15:49.027Z",
    "text": "dfhb",
    "author": 2,
    "post": 6,
    "parent": null,
    "created_at": "2023-11-04T11:15:49.027Z"
  }
},
{
  "model": "mainapp.order",
  "pk": 1,
  "fields": {
    "updated_at": "2023-10-16T10:09:57.907Z",
    "course": 1,
    "buyer": 2,
    "created_at": "2023-10-16T10:09:57.908Z",
    "is_paid": true,
    "finished": false
  }
},
{
  "model": "mainapp.order",
  "pk": 2,
  "fields": {
    "updated_at": "2023-10-16T10:10:33.652Z",
    "course": 2,
    "buyer": 2,
    "created_at": "2023-10-16T10:10:33.652Z",
    "is_paid": true,
    "finished": false
  }
},
{
  "model": "mainapp.order",
  "pk": 3,
  "fields": {
    "updated_at": "2023-10-16T10:10:50.791Z",
    "course": 3,
    "buyer": 2,
    "created_at": "2023-10-16T10:10:50.791Z",
    "is_paid": true,
    "finished": true
  }
},
{
  "model": "mainapp.order",
  "pk": 4,
  "fields": {
    "updated_at": "2023-10-16T10:11:08.918Z",
    "course": 2,
    "buyer": 3,
    "created_at": "2023-10-16T10:11:08.918Z",
    "is_paid": true,
    "finished": false
  }
},
{
  "model": "mainapp.order",
  "pk": 5,
  "fields": {
    "updated_at": "2023-10-16T10:11:24.332Z",
    "course": 4,
    "buyer": 3,
    "created_at": "2023-10-16T10:11:24.332Z",
    "is_paid": true,
    "finished": false
  }
},
{
  "model": "mainapp.order",
  "pk": 6,
  "fields": {
    "updated_at": "2023-10-16T10:11:40.095Z",
    "course": 5,
    "buyer": 3,
    "created_at": "2023-10-16T10:11:40.095Z",
    "is_paid": true,
    "finished": true
  }
},
{
  "model": "mainapp.order",
  "pk": 7,
  "fields": {
    "updated_at": "2023-10-16T10:11:52.267Z",
    "course": 4,
    "buyer": 4,
    "created_at": "2023-10-16T10:11:52.267Z",
    "is_paid": true,
    "finished": false
  }
},
{
  "model": "mainapp.order",
  "pk": 8,
  "fields": {
    "updated_at": "2023-10-16T10:12:05.289Z",
    "course": 1,
    "buyer": 4,
    "created_at": "2023-10-16T10:12:05.289Z",
    "is_paid": true,
    "finished": true
  }
},
{
  "model": "mainapp.order",
  "pk": 9,
  "fields": {
    "updated_at": "2023-10-16T10:12:28.781Z",
    "course": 3,
    "buyer": 4,
    "created_at": "2023-10-16T10:12:28.781Z",
    "is_paid": true,
    "finished": true
  }
},
{
  "model": "mainapp.coursefeedback",
  "pk": 1,
  "fields": {
    "updated_at": "2023-11-04T10:48:00.638Z",
    "course": 1,
    "user": 2,
    "feedback": "все отлично",
    "created_at": "2023-11-04T10:48:00.638Z"
  }
},
{
  "model": "mainapp.coursefeedback",
  "pk": 2,
  "fields": {
    "updated_at": "2023-11-04T10:51:42.017Z",
    "course": 2,
    "user": 2,
    "feedback": "все классно",
    "created_at": "2023-11-04T10:51:42.017Z"
  }
},
{
  "model": "mainapp.coursefeedback",
  "pk": 3,
  "fields": {
    "updated_at": "2023-11-04T11:00:44.535Z",
    "course": 3,
    "user": 2,
    "feedback": "ghbdt",
    "created_at": "2023-11-04T11:00:44.535Z"
  }
},
{
  "model": "mainapp.coursefeedback",
  "pk": 4,
  "fields": {
    "updated_at": "2023-11-04T11:03:48.542Z",
    "course": 3,
    "user": 2,
    "feedback": "gfdb",
    "created_at": "2023-11-04T11:03:48.542Z"
  }
},
{
  "model": "mainapp.coursefeedback",
  "pk": 5,
  "fields": {
    "updated_at": "2023-11-04T11:05:35.409Z",
    "course": 3,
    "user": 2,
    "feedback": "hgfs",
    "created_at": "2023-11-04T11:05:35.409Z"
  }
},
{
  "model": "mainapp.coursefeedback",
  "pk": 6,
  "fields": {
    "updated_at": "2023-11-04T11:08:29.580Z",
    "course": 3,
    "user": 2,
    "feedback": "fdhbcv",
    "created_at": "2023-11-04T11:08:29.580Z"
  }
},
{
  "model": "mainapp.coursefeedback",
  "pk": 7,
  "fields": {
    "updated_at": "2023-11-04T11:27:16.704Z",
    "course": 1,
    "user": 2,
    "feedback": "парапы",
    "created_at": "2023-11-04T11:27:16.704Z"
  }
},
{
  "model": "mainapp.founders",
  "pk": 1,
  "fields": {
    "created_at": "2023-11-05T13:17:16.069Z",
    "updated_at": "2023-11-05T13:17:16.069Z",
    "name": "Юлия",
    "surname": "Брюховских",
    "age": 47,
    "country": "Сербия",
    "city": "Белград",
    "about": "Джуниор Пайтон бэкэнд разработчик 2 месяца без коммерческого опыта\r\nСертифицированный коуч ACF более 3 лет (более 2300 часов)\r\nМастер китайской чайной церемонии более 10 лет\r\nСоорганизатор митапов и конференций для IT комьюнити более 1 года",
    "interests": "Python Backend Developer\r\nAgil coach\r\nChinese tea ceremony master",
    "img_url": ""
  }
},
{
  "model": "mainapp.founders",
  "pk": 2,
  "fields": {
    "created_at": "2023-11-05T13:19:28.221Z",
    "updated_at": "2023-11-05T13:19:28.221Z",
    "name": "Дмитрий",
    "surname": "Посвянский",
    "age": 26,
    "country": "Россия",
    "city": "Санкт-Петербург",
    "about": "Джуниор Пайтон бэкэнд разработчик.\r\nВ настоящий момент работаю менеджером по продажам.",
    "interests": "Python\r\nDjango\r\nГорные лыжи\r\nПутешествия",
    "img_url": ""
  }
},
{
  "model": "mainapp.founders",
  "pk": 3,
  "fields": {
    "created_at": "2023-11-05T13:20:44.121Z",
    "updated_at": "2023-11-05T13:20:44.121Z",
    "name": "Владимир",
    "surname": "Мальчевский",
    "age": 57,
    "country": "Россия",
    "city": "Москва",
    "about": "Джуниор Пайтон бэкэнд разработчик",
    "interests": "Python Backend Developer\r\nАвто туризм\r\nПарусные катамараны\r\nФотография",
    "img_url": ""
  }
},
{
  "model": "mainapp.founders",
  "pk": 4,
  "fields": {
    "created_at": "2023-11-05T13:22:48.604Z",
    "updated_at": "2023-11-05T13:22:48.604Z",
    "name": "Роман",
    "surname": "Беляков",
    "age": 42,
    "country": "Россия",
    "city": "Валдай",
    "about": "По образованию инженер-микроэлектронка. Закончил курсы CCNA Discovery Cisco - 5  лет назад. Джуниор Пайтон разработчик,заканчиваю обучение в GeekBrains. Инженер связи и коммуникаций более 17 лет (монтаж настройка и эксплуатация оборудовния, немного devops и сетевой инженер). Немного занимался программированием микроконтроллеров и проектирование печатных плат. Хочу заниматься работотехникой и тем что с этим связано, а также программным обеспечением в области научных исследований!!!",
    "interests": "Python Backend Developer\r\nЙога\r\nмедитации\r\nпутешествия\r\nтуризм\r\nспортивное ориентирование",
    "img_url": ""
  }
},
{
  "model": "mainapp.founders",
  "pk": 5,
  "fields": {
    "created_at": "2023-11-05T13:23:51.269Z",
    "updated_at": "2023-11-05T13:23:51.269Z",
    "name": "Анастасия",
    "surname": "Максимова",
    "age": 30,
    "country": "Россия",
    "city": "Саратов",
    "about": "Джуниор Пайтон бэкэнд разработчик",
    "interests": "Python Backend Development\r\nкроссфит\r\nвоспитание непокорных такс",
    "img_url": ""
  }
},
{
  "model": "mainapp.founders",
  "pk": 6,
  "fields": {
    "created_at": "2023-11-05T13:25:37.105Z",
    "updated_at": "2023-11-05T13:25:37.105Z",
    "name": "Алия",
    "surname": "Калимуллина",
    "age": 40,
    "country": "Россия",
    "city": "Туймазы",
    "about": "В 2003 г. окончила колледж по специальности Программное обеспечение вычислительной техники и автоматизированных систем. Второе образование высшее - Финансовый менеджер, ВЗФЭУ. Опыт работы в сфере программирования на языках MSSQL и Delphy 9 лет, сопровождение АСУП. Заканчиваю обучение в GeekBrains. Джуниор Пайтон бэкэнд разработчик.",
    "interests": "Python Backend Developer\r\nразработчик MS SQL\r\nхудожественно путаю нитки в мягкие и теплые вязаные изделия",
    "img_url": ""
  }
},
{
  "model": "mainapp.founders",
  "pk": 7,
  "fields": {
    "created_at": "2023-11-05T13:27:31.667Z",
    "updated_at": "2023-11-05T13:27:31.667Z",
    "name": "Сергей",
    "surname": "Корниец",
    "age": 50,
    "country": "Россия",
    "city": "Москва",
    "about": "Программированием увлекаюсь давно. Начинал с ассемблера для ZX-Spectrum, затем С++, Pascal, Visual Basic, 1С, PHP (самостоятельно) и наконец Python. Работаю системным администратором.",
    "interests": "Python Backend Developer\r\nрадиоэлектроника\r\nфутбол",
    "img_url": ""
  }
},
{
  "model": "mainapp.founders",
  "pk": 8,
  "fields": {
    "created_at": "2023-11-05T13:29:37.243Z",
    "updated_at": "2023-11-05T13:29:37.243Z",
    "name": "Дмитрий",
    "surname": "Карпасов",
    "age": 45,
    "country": "Россия",
    "city": "Екатеринбург",
    "about": "Предприниматель в ИТ сфере с 2008г (в основном ИТ-Аутсорсинг). \r\nПрограммирование является моим хобби с детства и люблю решать \r\nнестандартные задачи. В школьные годы \r\nпробовал разные языки программирования: от Basic, Assembler, Pascal до \r\nJava, С++, Kotlin. Недавно решил возобновить программирование, начал \r\nосваивать Python и я понял, что получаю огромное удовольствие от его \r\nбогатейших возможностей, лаконичности и удобства.",
    "interests": "Python Backend Developer\r\nйога\r\nмедитации\r\nкосмоэнергетика\r\nбильярд\r\nмотоциклы (enduro)\r\nработа с деревом и металлом",
    "img_url": ""
  }
},
{
  "model": "mainapp.founders",
  "pk": 9,
  "fields": {
    "created_at": "2023-11-05T13:30:53.568Z",
    "updated_at": "2023-11-05T13:30:53.569Z",
    "name": "Виктор",
    "surname": "Юсупов",
    "age": 37,
    "country": "Россия",
    "city": "Москва",
    "about": "Имею высшее образование по специальности сетевой инженер. Работаю в сфере медицинского образования. Продолжаю развивать свои навыки и компетенции в ИТ.",
    "interests": "Python Backend Developer\r\nПутешествия\r\nФилософия\r\nАстрономия",
    "img_url": ""
  }
},
{
  "model": "authapp.user",
  "pk": 1,
  "fields": {
    "password": "pbkdf2_sha256$600000$eSl8fODkdkMS8llUbe4vg9$C1l0bK4MjXEw6J3/2zW9Re1VIpkRAXJ84uXblw8OD9Y=",
    "last_login": "2023-11-05T13:08:52.191Z",
    "is_superuser": true,
    "username": "admin",
    "first_name": "",
    "last_name": "",
    "email": "admin@m.ru",
    "is_staff": true,
    "is_active": true,
    "date_joined": "2023-10-15T20:22:52.586Z",
    "is_teacher": false,
    "is_teacher_approved": false,
    "course": null,
    "avatar": "",
    "groups": [],
    "user_permissions": []
  }
},
{
  "model": "authapp.user",
  "pk": 2,
  "fields": {
    "password": "pbkdf2_sha256$600000$n0umVFaBMrOJnMIGU4fUN3$O76ac5Y+5vNZsqtVnb4otwzh0gVNGpxfeojNyd/EzNw=",
    "last_login": "2023-10-28T13:20:29.052Z",
    "is_superuser": false,
    "username": "ivan1",
    "first_name": "",
    "last_name": "",
    "email": "",
    "is_staff": false,
    "is_active": true,
    "date_joined": "2023-10-15T20:24:34Z",
    "is_teacher": false,
    "is_teacher_approved": false,
    "course": 1,
    "avatar": "1699096857251.jpeg",
    "groups": [],
    "user_permissions": []
  }
},
{
  "model": "authapp.user",
  "pk": 3,
  "fields": {
    "password": "pbkdf2_sha256$600000$rdcOFAj2HlHhC9wkE2PJOf$0OFBWqquFpcGkipJZYf3K2Z0ZOaNv+zTZjD6+ZI7sYg=",
    "last_login": "2023-10-17T20:50:29.591Z",
    "is_superuser": false,
    "username": "ivan2",
    "first_name": "",
    "last_name": "",
    "email": "",
    "is_staff": false,
    "is_active": true,
    "date_joined": "2023-10-15T20:24:58Z",
    "is_teacher": false,
    "is_teacher_approved": false,
    "course": 3,
    "avatar": "",
    "groups": [],
    "user_permissions": []
  }
},
{
  "model": "authapp.user",
  "pk": 4,
  "fields": {
    "password": "pbkdf2_sha256$600000$pyi4xLqxlrQkcwSWvgaeLj$kpBS5RZ+G9viUn2wOALLa4xexFgcywdgL46WN5bq9jQ=",
    "last_login": "2023-10-16T20:23:10.897Z",
    "is_superuser": false,
    "username": "ivan3",
    "first_name": "",
    "last_name": "",
    "email": "",
    "is_staff": false,
    "is_active": true,
    "date_joined": "2023-10-15T20:25:20Z",
    "is_teacher": false,
    "is_teacher_approved": false,
    "course": 1,
    "avatar": "",
    "groups": [],
    "user_permissions": []
  }
},
{
  "model": "authapp.user",
  "pk": 5,
  "fields": {
    "password": "pbkdf2_sha256$600000$PTcRjY5tl1FY1Vsxr3Ti6t$13nrFUqvPXTyh/DtkupQv58tBvn91wfu+aG2HmZyGr0=",
    "last_login": "2023-10-15T20:25:56Z",
    "is_superuser": false,
    "username": "semen1",
    "first_name": "Игорь",
    "last_name": "Максимовский",
    "email": "",
    "is_staff": false,
    "is_active": true,
    "date_joined": "2023-10-15T20:25:55Z",
    "is_teacher": true,
    "is_teacher_approved": true,
    "course": null,
    "avatar": "1698336214541.png",
    "groups": [],
    "user_permissions": []
  }
},
{
  "model": "authapp.user",
  "pk": 6,
  "fields": {
    "password": "pbkdf2_sha256$600000$2WWGiZxAKMLgzTKl3KbpfK$peFwrV56o2J9Y5C6dlmoCroZPBazUJ/AnZNag8NoUHE=",
    "last_login": "2023-10-27T13:31:04.205Z",
    "is_superuser": false,
    "username": "semen2",
    "first_name": "Дмитрий",
    "last_name": "Читалов",
    "email": "",
    "is_staff": false,
    "is_active": true,
    "date_joined": "2023-10-15T20:26:29.811Z",
    "is_teacher": true,
    "is_teacher_approved": true,
    "course": null,
    "avatar": "1698336292103.jpeg",
    "groups": [],
    "user_permissions": []
  }
},
{
  "model": "authapp.user",
  "pk": 7,
  "fields": {
    "password": "pbkdf2_sha256$600000$RXcDCT9QrP13UGSM2sFDS6$naDhwxmhuUxlKoX6MLioZEeH1OUBAf9B5FCIWkBhhVw=",
    "last_login": "2023-10-15T20:26:49.507Z",
    "is_superuser": false,
    "username": "semen3",
    "first_name": "Алексей",
    "last_name": "Петренко",
    "email": "",
    "is_staff": false,
    "is_active": true,
    "date_joined": "2023-10-15T20:26:49.069Z",
    "is_teacher": true,
    "is_teacher_approved": true,
    "course": null,
    "avatar": "1698336352570.png",
    "groups": [],
    "user_permissions": []
  }
}
]
